"","YearRemodAdd","GrLivArea","TotRmsAbvGrd","SalePrice","GarageArea","YrSold","MoSold","TotalSF"
"496",0,0.073,0.167,0,0,2009,0.909,0.097
"917",0,0.028,0.167,0.001,0.217,2006,0.818,0.055
"969",0,0.119,0.333,0.004,0,2009,0.364,0.108
"534",0,0,0,0.006,0,2007,0,0
"31",0,0.185,0.333,0.007,0.176,2008,0.545,0.143
"711",0.883,0.074,0.25,0.024,0,2008,0.545,0.058
"1338",0,0.068,0.167,0.024,0,2006,0.182,0.092
"706",0,0.143,0.417,0.028,0,2010,0.545,0.066
"1326",0,0.087,0.25,0.028,0,2008,0,0.11
"813",0.033,0.134,0.167,0.029,0.355,2010,0.455,0.109
"1381",0,0.1,0.25,0.033,0.141,2010,0.455,0.122
"411",0.133,0.177,0.25,0.035,0.247,2009,0.455,0.194
"637",0,0.088,0.167,0.035,0,2009,0,0.064
"1101",0,0.02,0.083,0.035,0.173,2009,0,0.035
"376",0,0.107,0.167,0.036,0,2009,0.182,0.11
"463",0.25,0.1,0.25,0.038,0.254,2009,1,0.122
"1433",0.95,0.119,0.25,0.041,0.152,2007,0.636,0.113
"875",0,0.15,0.25,0.044,0.141,2009,0.636,0.129
"399",0,0.14,0.333,0.045,0.238,2007,0.909,0.149
"621",0,0.1,0.25,0.045,0,2008,0.727,0.122
"30",0,0.035,0.167,0.047,0.169,2008,0.364,0.062
"1280",0,0.15,0.333,0.047,0.372,2010,0.273,0.131
"1322",0,0.073,0.167,0.052,0.202,2008,0.545,0.034
"265",0.9,0.081,0.167,0.053,0.355,2008,0.455,0.097
"615",0.367,0.056,0.083,0.056,0,2010,0.364,0.081
"916",0.333,0.143,0.333,0.056,0.202,2007,0,0.114
"384",0,0.085,0.25,0.057,0.254,2009,0.818,0.108
"251",0.267,0.183,0.333,0.058,0,2010,0.364,0.149
"330",0,0.162,0.333,0.06,0.133,2009,0.545,0.127
"156",0,0.144,0.25,0.061,0,2008,0.273,0.117
"243",0,0.208,0.333,0.061,0.248,2006,0.273,0.144
"1327",0.933,0.083,0.333,0.061,0,2007,0.364,0.086
"432",0.8,0.163,0.417,0.062,0,2008,0.727,0.155
"590",0.167,0.113,0.167,0.062,0.217,2008,0.636,0.104
"936",0.05,0.078,0.25,0.062,0.372,2006,0.455,0.089
"69",0,0.078,0.167,0.063,0.155,2010,0.455,0.102
"1040",0.333,0.056,0.083,0.063,0.202,2009,0.273,0.081
"1144",0.15,0.127,0.25,0.063,0,2008,0.545,0.147
"1145",0,0.111,0.25,0.063,0.197,2010,0.545,0.111
"1219",0,0.109,0.083,0.063,0,2006,0.545,0.051
"387",0.767,0.16,0.5,0.064,0,2006,0.364,0.132
"435",0.367,0.056,0.083,0.064,0,2008,0.455,0.081
"1062",0,0.106,0.333,0.064,0.88,2008,0.636,0.127
"40",0.083,0.154,0.333,0.065,0,2008,0.455,0.072
"342",0,0.096,0.167,0.065,0.207,2009,0.727,0.108
"1001",0.033,0.115,0.167,0.065,0.372,2009,0.545,0.053
"309",0,0.099,0.167,0.066,0.38,2009,0.182,0.122
"633",0.45,0.203,0.333,0.066,0.384,2009,0.273,0.216
"1324",0,0.07,0.25,0.066,0,2009,1,0.07
"99",0,0.094,0.25,0.067,0.258,2010,0.364,0.084
"1087",0.383,0.143,0.333,0.067,0.202,2010,0.364,0.114
"1379",0.383,0.123,0.25,0.067,0.186,2006,0.455,0.099
"1036",0.117,0.096,0.25,0.068,0.205,2009,0,0.045
"126",0.533,0.079,0.25,0.069,0,2006,0.455,0.062
"650",0.333,0.056,0.083,0.069,0,2007,1,0.081
"1050",0.933,0.112,0.333,0.069,0.217,2010,0.273,0.052
"1454",0.933,0.152,0.333,0.069,0,2006,0.545,0.17
"89",0.533,0.225,0.333,0.07,0,2009,0.818,0.148
"345",0.433,0.147,0.167,0.07,0.237,2010,0.273,0.115
"431",0.35,0.123,0.167,0.07,0.186,2008,0.545,0.099
"639",0,0.087,0.167,0.07,0,2008,0.364,0.11
"977",0.133,0.101,0.167,0.07,0,2006,0.636,0.085
"1014",0.933,0.13,0.167,0.07,0.197,2009,0.455,0.15
"490",0.867,0.056,0.083,0.071,0.202,2009,0.364,0.081
"529",0.867,0.051,0.25,0.071,0,2007,0.545,0.07
"1002",0,0.067,0.167,0.071,0.152,2007,0,0.092
"128",0,0.095,0.25,0.072,0,2007,0.455,0.103
"326",0,0.088,0.25,0.072,0.254,2007,1,0.104
"677",0,0.271,0.5,0.072,0.549,2006,0.364,0.222
"1023",0,0.172,0.333,0.072,0.113,2007,0.182,0.16
"343",0,0.133,0.333,0.073,0.282,2006,0.364,0.062
"288",0.35,0.099,0.25,0.074,0,2006,0.455,0.121
"656",0.35,0.143,0.333,0.074,0.186,2010,0.182,0.112
"913",0,0.128,0.333,0.074,0.317,2006,0.545,0.127
"1008",0.333,0.143,0.333,0.074,0.202,2009,0.636,0.114
"697",0,0.053,0.167,0.075,0.145,2006,0.455,0.079
"236",0.35,0.123,0.25,0.076,0.186,2008,0.636,0.099
"308",0,0.202,0.333,0.076,0,2008,0.182,0.122
"480",0.833,0.15,0.417,0.076,0.474,2007,0.182,0.149
"18",0.283,0.181,0.333,0.077,0.364,2006,0.818,0.084
"439",0.867,0.068,0.167,0.077,0.248,2007,0.182,0.07
"1063",0,0.377,0.667,0.077,0.395,2007,0.727,0.233
"1413",0,0.133,0.333,0.077,0.296,2009,0.455,0.062
"76",0.383,0.123,0.25,0.078,0.209,2009,0.909,0.098
"495",0.767,0.104,0.167,0.078,0.193,2009,1,0.065
"999",0,0.14,0.333,0.078,0.148,2006,0.364,0.153
"1377",0,0.086,0.167,0.078,0.113,2008,0.273,0.107
"1073",0,0.211,0.417,0.079,0.197,2006,0.636,0.169
"1220",0.35,0.167,0.417,0.079,0,2006,0.273,0.136
"1450",0.333,0.056,0.083,0.079,0,2006,0.636,0.081
"638",0.067,0.198,0.417,0.081,0.181,2009,0.909,0.163
"737",0,0.133,0.333,0.081,0.282,2006,0.545,0.062
"822",0.05,0.113,0.167,0.081,0.406,2009,0.091,0.135
"1091",0,0.133,0.333,0.081,0.282,2009,0.455,0.062
"1132",0.7,0.121,0.25,0.081,0,2007,0.727,0.141
"1180",0.067,0.149,0.25,0.081,0,2006,0.273,0.069
"1138",0.767,0.129,0.333,0.082,0,2010,0.364,0.128
"98",0.25,0.118,0.333,0.083,0.305,2007,0.364,0.139
"233",0.367,0.123,0.25,0.083,0.203,2006,0.455,0.099
"353",0,0.146,0.25,0.083,0.141,2008,0.182,0.122
"1187",0.333,0.257,0.417,0.083,0.296,2009,0.636,0.205
"224",0.35,0.1,0.167,0.086,0.406,2009,0.182,0.122
"260",0.1,0.103,0.167,0.086,0.217,2008,1,0.048
"515",0,0.086,0.25,0.086,0.141,2007,0.455,0.107
"751",0.9,0.152,0.417,0.086,0,2010,0.455,0.121
"1039",0.967,0.19,0.333,0.086,0,2009,0.364,0.136
"659",0,0.212,0.333,0.087,0.233,2010,0,0.178
"92",0.183,0.17,0.333,0.088,0.339,2006,1,0.187
"211",0,0.1,0.25,0.088,0,2008,0.273,0.122
"457",0,0.19,0.417,0.088,0.362,2008,0.364,0.143
"647",0,0.135,0.417,0.088,0.296,2008,0.545,0.063
"750",0,0.225,0.583,0.088,0.169,2009,0.273,0.105
"107",0.75,0.134,0.333,0.09,0.193,2007,0.636,0.119
"122",0,0.149,0.167,0.09,0.186,2007,0.455,0.133
"180",0.933,0.119,0.25,0.09,0.339,2007,0.545,0.14
"394",0,0.086,0.167,0.09,0,2006,0.273,0.109
"762",0,0.182,0.25,0.09,0.31,2009,0.818,0.185
"838",0.383,0.123,0.25,0.09,0.186,2008,0.909,0.099
"885",0.283,0.105,0.25,0.09,0.203,2009,0.545,0.127
"973",0.483,0.11,0.25,0.09,0.186,2010,0.273,0.132
"1012",0.25,0.251,0.5,0.09,0,2010,0.364,0.116
"1258",0,0.1,0.167,0.09,0,2009,0.545,0.122
"1333",0.133,0.091,0.083,0.09,0.203,2009,0.364,0.114
"62",0.767,0.146,0.333,0.092,0.203,2007,0.182,0.114
"772",0.017,0.167,0.333,0.093,0.279,2006,0.273,0.151
"1010",0,0.224,0.417,0.093,0,2006,0.455,0.147
"1136",0,0.123,0.25,0.093,0.127,2007,0.364,0.141
"1233",0.2,0.168,0.333,0.093,0.326,2007,0.182,0.078
"712",0,0.159,0.417,0.094,0.271,2010,0,0.149
"164",0.1,0.103,0.167,0.095,0,2007,0.273,0.125
"672",0,0.195,0.333,0.095,0.212,2009,0.545,0.15
"730",0,0.165,0.25,0.095,0.38,2009,0,0.113
"199",0,0.357,0.5,0.096,0,2009,0.545,0.2
"147",0.717,0.102,0.25,0.097,0.127,2009,0.909,0.11
"1029",0,0.196,0.333,0.097,0.169,2007,0.273,0.159
"1186",0,0.167,0.417,0.097,0.276,2006,0.182,0.146
"1363",0.95,0.265,0.417,0.097,0.26,2009,0.455,0.186
"1371",0,0.196,0.333,0.097,0.238,2009,0.818,0.165
"1385",0,0.174,0.333,0.097,0.197,2009,0.818,0.13
"1405",0,0.166,0.333,0.097,0.66,2006,0,0.136
"618",0.067,0.094,0.167,0.098,0.372,2008,0.455,0.116
"228",0.333,0.123,0.25,0.099,0.197,2008,0.727,0.099
"354",0.883,0.073,0.25,0.099,0.341,2010,0.364,0.088
"393",0.15,0.103,0.25,0.099,0.207,2007,0.545,0.048
"521",0.833,0.181,0.417,0.099,0,2008,0.636,0.084
"810",0.25,0.34,0.75,0.099,0.254,2009,0.909,0.232
"897",0,0.116,0.333,0.099,0.231,2006,0.273,0.137
"1105",0.333,0.182,0.333,0.099,0.31,2007,0.273,0.14
"218",0,0.187,0.5,0.1,0.148,2006,0.727,0.147
"773",0.433,0.148,0.333,0.1,0.474,2010,0.182,0.159
"1207",0.267,0.136,0.25,0.1,0.271,2006,0.909,0.156
"75",0,0.239,0.5,0.101,0.267,2010,0.364,0.185
"533",0.95,0.093,0.25,0.101,0.276,2010,0.273,0.043
"536",0.683,0.191,0.25,0.101,0,2008,0,0.187
"789",0.833,0.107,0.167,0.101,0.198,2008,0.636,0.129
"1293",0.25,0.384,0.75,0.101,0.305,2009,1,0.266
"403",0.783,0.064,0.167,0.102,0.169,2008,0.636,0.088
"554",0.883,0.149,0.25,0.102,0.367,2009,0.364,0.069
"558",0,0.189,0.417,0.102,0.402,2006,0.727,0.144
"563",0.317,0.125,0.333,0.102,0,2008,0.545,0.145
"652",0,0.222,0.417,0.102,0.209,2009,0.818,0.169
"694",0.3,0.139,0.167,0.102,0.23,2006,1,0.159
"735",0.3,0.116,0.333,0.102,0.212,2007,0.364,0.137
"1346",0,0.118,0.25,0.102,0.217,2007,0.545,0.139
"39",0.95,0.136,0.25,0.103,0.173,2010,0,0.156
"395",0,0.132,0.25,0.103,0.169,2007,0.545,0.126
"428",0.117,0.108,0.25,0.103,0.248,2008,0.545,0.13
"1164",0.317,0.174,0.333,0.103,0.282,2008,0,0.186
"53",0.217,0.091,0.25,0.104,0.364,2010,0.364,0.114
"80",0.517,0.169,0.25,0.104,0.31,2009,0.364,0.117
"91",0,0.133,0.167,0.104,0.296,2006,0.545,0.062
"157",0,0.133,0.25,0.104,0.441,2006,0.455,0.062
"205",0,0.179,0.25,0.104,0.169,2009,0.273,0.146
"440",0.833,0.162,0.417,0.104,0.372,2009,0.636,0.135
"451",0.917,0.09,0.25,0.104,0.19,2006,0.455,0.113
"460",0,0.164,0.25,0.104,0.248,2009,0.545,0.138
"595",0.417,0.111,0.25,0.104,0.197,2008,0.273,0.133
"663",0.3,0.199,0.25,0.104,0.406,2009,0.545,0.215
"678",0.933,0.086,0.25,0.104,0.169,2009,0.364,0.107
"710",0.267,0.107,0.333,0.104,0.288,2008,1,0.127
"729",0.133,0.272,0.583,0.104,0.626,2009,0.545,0.265
"798",0.05,0.083,0.167,0.104,0.169,2008,0.273,0.106
"802",0.667,0.162,0.25,0.104,0.31,2007,0.545,0.18
"827",0,0.085,0.25,0.104,0,2008,0.364,0.108
"871",0.2,0.106,0.25,0.104,0.217,2009,0.636,0.127
"901",0.35,0.099,0.167,0.104,0.482,2007,0.455,0.121
"979",0.067,0.106,0.25,0.104,0.282,2007,0.364,0.127
"1357",0.267,0.105,0.25,0.104,0.186,2008,0.818,0.125
"242",0.783,0.1,0.167,0.105,0,2007,0.636,0.107
"1064",0.5,0.145,0.25,0.105,0.31,2006,0.545,0.164
"538",0.367,0.1,0.25,0.106,0.406,2008,0.273,0.122
"1320",0.067,0.116,0.25,0.106,0.175,2007,0.091,0.129
"203",0,0.184,0.333,0.107,0.281,2006,0.364,0.14
"226",0.35,0.182,0.333,0.107,0.197,2009,0.364,0.14
"1123",0.1,0.118,0.25,0.107,0.203,2009,0.818,0.114
"1217",0.467,0.295,0.5,0.107,0.38,2010,0.273,0.137
"1384",0.95,0.204,0.417,0.107,0.406,2007,0.636,0.166
"1408",0.583,0.094,0.25,0.107,0,2009,0.182,0.117
"1449",0.833,0.191,0.333,0.107,0.271,2007,0.364,0.138
"49",0.967,0.211,0.5,0.108,0,2009,0.455,0.162
"240",0,0.217,0.417,0.108,0.155,2010,0.273,0.165
"423",0.067,0.123,0.167,0.108,0.367,2008,0.091,0.144
"501",0.383,0.167,0.417,0.108,0.186,2007,0.364,0.136
"552",0.117,0.112,0.25,0.108,0.203,2008,0.455,0.133
"556",0,0.135,0.25,0.108,0.197,2006,0.636,0.15
"1026",0.367,0.103,0.25,0.108,0.325,2007,0.182,0.125
"1213",0,0.064,0.167,0.108,0.165,2009,0.636,0.088
"52",0,0.159,0.333,0.111,0.372,2006,0.727,0.114
"108",0,0.086,0.25,0.111,0.176,2008,0.273,0.109
"109",0.917,0.223,0.417,0.111,0,2007,0.636,0.173
"141",0.35,0.1,0.25,0.111,0,2010,0.273,0.122
"150",0,0.19,0.417,0.111,0.169,2006,0.273,0.167
"407",0,0.246,0.333,0.111,0.169,2008,0.182,0.166
"414",0,0.131,0.25,0.111,0.254,2010,0.182,0.149
"491",0.433,0.183,0.167,0.111,0.237,2008,0.455,0.108
"597",0.717,0.195,0.417,0.111,0.152,2006,0.818,0.15
"774",0.133,0.109,0.25,0.111,0.194,2007,0.545,0.13
"1049",0.933,0.271,0.583,0.111,0.237,2009,0.909,0.126
"1126",0.083,0.126,0.25,0.111,0.474,2009,0.909,0.147
"1178",0.9,0.168,0.25,0.111,0.148,2009,1,0.15
"1221",0.233,0.109,0.25,0.111,0.203,2006,0.909,0.13
"1295",0.667,0.1,0.25,0.111,0.403,2006,0.273,0.122
"437",0,0.148,0.333,0.113,0.31,2006,0.818,0.125
"815",0,0.173,0.417,0.113,0.197,2006,0.545,0.14
"873",0.767,0.109,0.25,0.113,0.292,2008,0.818,0.06
"961",0.967,0.099,0.167,0.113,0,2010,0.091,0.121
"1201",0.333,0.1,0.25,0.113,0.197,2006,0.545,0.122
"987",0.883,0.245,0.25,0.114,0.18,2006,0.455,0.156
"1115",0.833,0.094,0.167,0.114,0.23,2006,0.636,0.117
"1149",0,0.146,0.25,0.114,0.203,2008,0.636,0.118
"1203",0.783,0.191,0.25,0.114,0.152,2009,0.364,0.166
"1378",0.167,0.239,0.333,0.114,0.465,2009,0.545,0.197
"10",0,0.14,0.25,0.115,0.145,2008,0,0.152
"364",0.95,0.123,0.25,0.115,0.186,2009,0.364,0.099
"442",0.083,0.208,0.5,0.115,0,2008,0.727,0.223
"805",0.067,0.15,0.25,0.115,0.202,2006,0.455,0.152
"932",0.25,0.111,0.25,0.115,0.303,2009,0.545,0.133
"1030",0.367,0.167,0.417,0.115,0.186,2006,0.364,0.136
"1124",0.967,0.069,0.167,0.115,0,2009,0.455,0.093
"1133",0,0.353,0.5,0.115,0.145,2007,0.364,0.253
"576",0,0.166,0.333,0.116,0.237,2008,0.818,0.15
"583",0.667,0.091,0.25,0.116,0,2007,0.364,0.114
"610",0.183,0.131,0.25,0.116,0.184,2007,0.273,0.151
"884",0,0.357,0.667,0.116,0.31,2006,0.182,0.194
"1121",0,0.128,0.333,0.116,0.217,2007,0.364,0.148
"103",0.483,0.226,0.5,0.117,0.289,2009,0.455,0.105
"331",0.233,0.263,0.667,0.117,0.248,2007,0.909,0.273
"391",0,0.195,0.417,0.117,0.271,2008,0.273,0.166
"438",0.9,0.107,0.167,0.117,0.127,2009,0,0.127
"449",0,0.196,0.417,0.117,0.14,2006,0.455,0.16
"895",0.483,0.226,0.5,0.117,0.282,2009,0.455,0.105
"1015",0,0.141,0.25,0.117,0.169,2007,0.909,0.16
"1102",0.35,0.116,0.25,0.117,0.197,2007,0.545,0.137
"1137",0,0.173,0.333,0.117,0.203,2008,0.273,0.171
"1177",0.583,0.111,0.25,0.117,0.186,2008,0.818,0.128
"1250",0,0.123,0.333,0.117,0.195,2007,0.364,0.134
"1292",0.367,0.182,0.333,0.117,0.186,2009,0.091,0.14
"1315",0.067,0.116,0.25,0.117,0.197,2007,0.818,0.137
"1429",0.7,0.089,0.167,0.117,0.169,2010,0.091,0.11
"183",0.933,0.19,0.417,0.118,0.178,2007,0.455,0.088
"244",0.5,0.166,0.333,0.118,0.203,2009,0.273,0.132
"313",0,0.148,0.25,0.118,0.289,2006,0.364,0.138
"450",0.867,0.16,0.333,0.118,0.217,2007,0.455,0.131
"500",0.583,0.109,0.25,0.118,0.209,2007,0.455,0.13
"572",0.15,0.1,0.167,0.118,0.203,2006,0.818,0.122
"952",0.25,0.119,0.333,0.118,0.212,2006,0.545,0.128
"1035",0,0.117,0.25,0.118,0.169,2007,0.455,0.135
"1184",0,0.15,0.25,0.118,0.508,2006,0.455,0.168
"1401",0,0.155,0.25,0.118,0.147,2008,0.545,0.148
"269",0.083,0.084,0.167,0.119,0.652,2008,0.091,0.104
"726",0.333,0.1,0.25,0.119,0.465,2009,0.909,0.122
"1154",0.95,0.091,0.25,0.119,0.305,2008,0.455,0.114
"1437",0.35,0.1,0.25,0.119,0.372,2007,0.364,0.122
"561",0.767,0.199,0.25,0.12,0.372,2010,0.364,0.215
"996",0,0.169,0.25,0.12,0.215,2006,0.636,0.144
"1444",0,0.116,0.167,0.12,0.135,2009,0.364,0.138
"151",0.417,0.12,0.25,0.121,0.31,2007,0,0.14
"289",0.283,0.107,0.25,0.121,0.197,2010,0.091,0.127
"1267",0,0.293,0.583,0.121,0.217,2007,0,0.217
"1350",0.617,0.381,0.5,0.121,0,2008,1,0.219
"374",0.05,0.186,0.25,0.122,0.19,2009,0.909,0.14
"397",0.367,0.106,0.333,0.122,0.423,2009,0.727,0.127
"433",0.35,0.194,0.333,0.122,0.31,2007,0.636,0.157
"891",0.933,0.111,0.333,0.122,0.406,2007,0.545,0.111
"1341",0.35,0.101,0.25,0.122,0.339,2007,0.455,0.122
"1393",0.283,0.107,0.333,0.122,0.203,2006,1,0.125
"1417",0,0.369,0.75,0.122,0.395,2010,0.273,0.239
"90",0.75,0.124,0.25,0.123,0,2007,0.636,0.144
"698",0.033,0.153,0.333,0.123,0.217,2006,0.727,0.157
"275",0.533,0.091,0.25,0.124,0.186,2007,0.455,0.114
"465",0.467,0.133,0.25,0.124,0,2009,0.636,0.153
"506",0.033,0.306,0.667,0.124,0.282,2009,0.545,0.226
"510",0.15,0.133,0.333,0.124,0.19,2009,0.545,0.153
"631",0.683,0.267,0.5,0.124,0.169,2006,0.455,0.18
"723",0.333,0.1,0.25,0.124,0.327,2009,0.545,0.122
"957",0.5,0.169,0.25,0.124,0.326,2009,0.364,0.128
"1151",0,0.113,0.167,0.124,0.216,2007,0.909,0.134
"1392",0.283,0.235,0.5,0.124,0.559,2009,0.273,0.248
"1419",0.217,0.153,0.333,0.124,0.237,2008,0.636,0.171
"60",0.367,0.084,0.167,0.125,0.248,2008,0,0.107
"145",0.217,0.263,0.667,0.125,0.355,2006,0.909,0.273
"155",0,0.163,0.417,0.125,0.22,2006,0.182,0.181
"229",0.283,0.109,0.25,0.125,0.237,2010,0.364,0.13
"373",0.567,0.079,0.167,0.125,0.186,2010,0.091,0.102
"388",0.433,0.149,0.333,0.125,0.248,2009,0.818,0.16
"549",0.75,0.093,0.167,0.125,0.508,2008,0.455,0.115
"946",0.767,0.289,0.417,0.125,0.322,2009,0.727,0.219
"986",0,0.156,0.25,0.125,0.169,2008,0.636,0.175
"1193",0.733,0.214,0.333,0.125,0.176,2007,0.545,0.161
"1216",0.267,0.106,0.25,0.125,0.271,2007,0.364,0.127
"1335",0.333,0.194,0.417,0.125,0.31,2009,0.364,0.157
"905",0.283,0.107,0.333,0.126,0.203,2007,0.636,0.126
"1334",0.75,0.193,0.333,0.126,0.209,2006,0.545,0.16
"1386",0.95,0.154,0.417,0.126,0.169,2010,0.364,0.142
"1409",0,0.194,0.333,0.126,0.372,2010,0.455,0.145
"84",0.167,0.138,0.333,0.127,0.325,2007,0.545,0.157
"324",0.917,0.156,0.333,0.127,0.155,2006,0.545,0.174
"419",0,0.151,0.417,0.127,0.169,2007,0.273,0.136
"985",0.45,0.264,0.5,0.127,0.38,2009,0.636,0.123
"1080",0.733,0.124,0.25,0.127,0.211,2007,0.273,0.144
"50",0.267,0.117,0.333,0.128,0.272,2007,0,0.138
"78",0.85,0.179,0.333,0.128,0.169,2008,0,0.142
"185",0.683,0.173,0.25,0.128,0.406,2006,0.455,0.125
"195",0.367,0.1,0.25,0.128,0.248,2008,0.364,0.122
"381",0,0.256,0.333,0.128,0.217,2010,0.364,0.209
"856",1,0.133,0.333,0.128,0.183,2010,0.273,0.153
"1097",0.933,0.192,0.417,0.128,0,2007,0.182,0.149
"1230",0.167,0.221,0.417,0.128,0.285,2008,0.636,0.197
"1368",0.45,0.215,0.333,0.128,0.237,2006,0.545,0.166
"127",0.433,0.118,0.25,0.129,0.31,2007,0.091,0.149
"166",0.817,0.192,0.333,0.129,0,2008,0.727,0.146
"446",0.1,0.255,0.417,0.129,0.339,2009,0.909,0.244
"532",0.817,0.194,0.333,0.129,0.354,2008,0.455,0.144
"566",0,0.247,0.333,0.129,0.152,2010,0.364,0.186
"761",0.15,0.1,0.25,0.129,0.212,2009,0.818,0.122
"785",0.85,0.217,0.583,0.129,0,2008,0.455,0.166
"836",0.75,0.138,0.167,0.129,0.307,2010,0.091,0.158
"906",0.067,0.137,0.333,0.129,0.197,2010,0.091,0.156
"955",0.417,0.122,0.167,0.129,0,2006,0.818,0.139
"1099",0,0.187,0.333,0.129,0.169,2009,0.545,0.146
"1256",0,0.195,0.333,0.129,0.395,2007,0.909,0.168
"1422",0.45,0.138,0.167,0.129,0.31,2010,0.545,0.158
"171",0,0.197,0.417,0.13,0.465,2007,0.364,0.109
"234",0.433,0.106,0.25,0.13,0.217,2010,0.091,0.127
"680",0.183,0.123,0.25,0.13,0.403,2007,0.818,0.144
"720",0.317,0.12,0.25,0.13,0.212,2006,0.364,0.141
"1340",0.367,0.1,0.25,0.13,0.203,2006,0.455,0.122
"11",0.25,0.133,0.25,0.131,0.271,2008,0.091,0.153
"72",0.933,0.096,0.167,0.131,0.254,2007,0.455,0.119
"100",0.15,0.168,0.333,0.131,0,2010,0,0.161
"396",0.1,0.153,0.333,0.131,0.42,2010,0.455,0.171
"548",0.333,0.082,0.25,0.131,0.44,2007,0.273,0.105
"667",0.483,0.385,0.417,0.131,0.42,2007,0.636,0.269
"714",0.333,0.118,0.333,0.131,0.406,2006,0.364,0.139
"868",0.183,0.148,0.25,0.131,0.384,2007,0.364,0.16
"951",0.867,0.1,0.25,0.131,0.508,2007,0.545,0.122
"1095",0.833,0.113,0.167,0.131,0.217,2010,0.364,0.135
"1163",0.3,0.106,0.25,0.131,0.317,2007,0.364,0.127
"1249",0,0.325,0.5,0.131,0.279,2008,0.273,0.215
"1262",0.1,0.135,0.25,0.131,0.238,2009,0.455,0.155
"1446",0.267,0.109,0.333,0.131,0.169,2007,0.364,0.122
"9",0,0.271,0.5,0.132,0.33,2008,0.273,0.209
"24",0.433,0.137,0.333,0.132,0.403,2007,0.455,0.155
"44",0.5,0.114,0.25,0.132,0.217,2008,0.545,0.135
"55",0.083,0.193,0.333,0.132,0.403,2007,0.091,0.123
"146",0.933,0.259,0.417,0.132,0.268,2006,0.273,0.205
"194",0.9,0.259,0.417,0.132,0.268,2006,0.364,0.205
"264",0.85,0.185,0.333,0.132,0.341,2010,0.273,0.133
"359",0.133,0.192,0.333,0.132,0.203,2006,0.545,0.182
"499",0.9,0.106,0.25,0.132,0.203,2009,0.455,0.125
"513",0.133,0.1,0.25,0.132,0.44,2006,0.545,0.122
"587",0.833,0.095,0.25,0.132,0.194,2008,0.364,0.116
"1113",0.117,0.091,0.25,0.132,0.217,2006,0.545,0.114
"1118",0.883,0.106,0.25,0.132,0.317,2008,0.364,0.127
"1235",0,0.307,0.417,0.132,0,2008,0.909,0.225
"1253",0.3,0.102,0.25,0.132,0.203,2009,0.909,0.123
"1305",0.9,0.259,0.417,0.132,0.268,2006,0.273,0.206
"293",0.967,0.26,0.5,0.133,0.198,2009,0,0.188
"715",0.917,0.216,0.333,0.133,0.335,2010,0.182,0.164
"840",0.75,0.163,0.333,0.133,0.169,2008,0.364,0.143
"909",0.55,0.107,0.25,0.133,0.341,2006,0.455,0.125
"1328",0.967,0.091,0.25,0.133,0.186,2008,0.818,0.114
"1390",0,0.167,0.333,0.133,0.31,2007,0.182,0.142
"580",0.067,0.275,0.417,0.134,0.248,2008,0.909,0.22
"734",0.55,0.153,0.333,0.134,0.186,2009,0.182,0.147
"851",0.883,0.097,0.083,0.134,0.296,2007,0.909,0.119
"862",0.25,0.133,0.333,0.134,0.355,2010,0.273,0.153
"16",0.85,0.098,0.25,0.135,0.406,2007,0.545,0.118
"312",0.867,0.12,0.25,0.135,0.169,2009,0.364,0.141
"369",0.067,0.176,0.417,0.135,0.172,2010,0.182,0.193
"527",0.833,0.112,0.167,0.135,0.178,2007,0.455,0.133
"741",0.867,0.207,0.417,0.135,0.254,2007,0.364,0.119
"877",0.217,0.133,0.25,0.135,0.457,2007,0,0.155
"958",0.2,0.136,0.333,0.135,0.406,2007,0.273,0.156
"476",0.217,0.12,0.25,0.136,0.44,2007,0.545,0.141
"485",0.85,0.125,0.333,0.136,0.186,2007,0.182,0.146
"492",0,0.234,0.25,0.136,0.169,2006,0.636,0.18
"544",0.8,0.082,0.167,0.136,0.259,2007,0.455,0.101
"585",0.75,0.233,0.333,0.136,0.169,2009,0.545,0.186
"864",0.15,0.153,0.333,0.136,0.474,2009,0.545,0.172
"874",0,0.176,0.333,0.136,0.203,2009,0.727,0.134
"1082",0.217,0.133,0.25,0.136,0.217,2010,0.455,0.153
"1232",0.2,0.161,0.333,0.136,0.381,2006,0.364,0.172
"1286",0,0.203,0.333,0.136,0.197,2009,0.364,0.163
"1332",0.433,0.117,0.333,0.136,0.406,2006,0.545,0.134
"1407",0.95,0.082,0.25,0.136,0.279,2009,0.182,0.105
"94",0.8,0.369,0.583,0.137,0.357,2007,0.909,0.278
"848",0.367,0.1,0.25,0.137,0.238,2009,0.636,0.122
"953",0.883,0.082,0.25,0.137,0.279,2009,0.273,0.105
"1120",0.15,0.133,0.333,0.137,0.202,2006,0.545,0.153
"216",0.767,0.17,0.333,0.138,0.315,2006,0.364,0.173
"358",0.433,0.152,0.333,0.138,0.372,2007,0.636,0.171
"372",0.15,0.236,0.417,0.138,0.48,2008,0.545,0.11
"514",0.55,0.141,0.25,0.138,0.341,2007,0.455,0.16
"1114",0.933,0.127,0.333,0.138,0.169,2007,0.364,0.147
"1215",0.2,0.125,0.333,0.138,0.212,2006,0.364,0.139
"1222",0.3,0.165,0.25,0.138,0.227,2008,0.636,0.16
"27",0.833,0.107,0.25,0.139,0.406,2010,0.364,0.128
"188",0.617,0.249,0.5,0.139,0.127,2009,0.636,0.161
"426",0.7,0.199,0.333,0.139,0.169,2009,0.727,0.149
"623",0.45,0.122,0.333,0.139,0.341,2009,0.545,0.142
"629",0.317,0.329,0.583,0.139,0.355,2007,0.727,0.244
"654",0.75,0.214,0.417,0.139,0.152,2008,0.455,0.166
"724",0.367,0.214,0.417,0.139,0.386,2008,0.364,0.182
"771",0.533,0.099,0.25,0.139,0.406,2009,0.273,0.121
"780",0.45,0.126,0.167,0.139,0.355,2006,0.364,0.144
"900",0.733,0.17,0.333,0.139,0.203,2006,0.455,0.159
"918",0.1,0.169,0.333,0.139,0.2,2009,0.273,0.178
"968",0.083,0.144,0.333,0.139,0.183,2008,0.545,0.163
"971",0,0.162,0.333,0.139,0,2006,1,0.138
"1011",0,0.177,0.417,0.139,0.22,2008,0.636,0.145
"1070",0.883,0.105,0.167,0.139,0.406,2007,0.364,0.123
"1071",0.1,0.135,0.333,0.139,0.202,2007,0.455,0.154
"1103",0.867,0.151,0.333,0.139,0.179,2007,0.273,0.159
"1131",0,0.31,0.417,0.139,0.406,2009,1,0.243
"1337",0.383,0.249,0.5,0.139,0.357,2008,0.909,0.261
"1353",0.833,0.159,0.167,0.139,0.44,2009,0.545,0.135
"77",0.1,0.116,0.167,0.14,0.2,2008,0.273,0.138
"123",0.133,0.141,0.25,0.14,0.203,2008,0.455,0.16
"292",0.833,0.26,0.583,0.14,0,2008,0.182,0.189
"570",0.483,0.115,0.167,0.14,0.423,2006,1,0.136
"807",0.283,0.122,0.333,0.14,0.271,2006,0.818,0.142
"888",0.083,0.2,0.5,0.14,0.212,2008,0.273,0.164
"1388",0,0.413,0.667,0.14,0.152,2007,0.636,0.255
"1451",0.4,0.275,0.5,0.14,0,2009,0.727,0.206
"79",0.3,0.27,0.5,0.141,0,2010,0.273,0.28
"880",0.917,0.1,0.333,0.141,0.237,2009,0.545,0.122
"997",0.183,0.135,0.333,0.141,0.26,2006,0,0.155
"1093",0,0.256,0.417,0.141,0.406,2008,0.455,0.223
"1423",0.883,0.097,0.083,0.141,0.296,2008,0.182,0.119
"111",0.367,0.287,0.417,0.142,0.229,2006,0.818,0.22
"247",0,0.3,0.583,0.142,0.31,2006,0.273,0.229
"588",0.533,0.099,0.167,0.142,0.372,2009,0.545,0.12
"616",0.217,0.136,0.333,0.142,0.339,2010,0.364,0.145
"664",0.367,0.16,0.333,0.142,0.415,2008,0.273,0.174
"670",0,0.159,0.25,0.142,0.178,2006,0.545,0.135
"817",0.067,0.127,0.167,0.142,0.194,2006,0.545,0.147
"945",0.133,0.19,0.417,0.142,0.37,2009,0,0.16
"1004",0.433,0.254,0.5,0.142,0.372,2007,0.455,0.265
"1089",0.9,0.259,0.417,0.142,0.268,2006,0.273,0.205
"1273",0.25,0.113,0.25,0.142,0.203,2006,0.909,0.135
"1276",0,0.299,0.667,0.142,0.282,2007,0.545,0.22
"1398",0.9,0.222,0.5,0.142,0.127,2007,0.364,0.185
"1400",0.667,0.24,0.417,0.142,0.152,2009,0.818,0.197
"593",0.883,0.091,0.167,0.143,0.575,2008,0.455,0.114
"1224",0.017,0.339,0.417,0.143,0.372,2006,0.818,0.345
"1308",0.75,0.124,0.25,0.143,0.339,2009,0.364,0.144
"1399",0.533,0.296,0.417,0.143,0.169,2009,0.364,0.243
"699",0.983,0.106,0.25,0.144,0.237,2010,0.273,0.127
"1078",0.317,0.144,0.333,0.144,0.211,2006,0.182,0.163
"1236",0,0.273,0.583,0.144,0.127,2006,0.545,0.192
"1296",0.3,0.135,0.25,0.144,0.203,2006,0.909,0.155
"20",0.25,0.189,0.333,0.145,0.207,2009,0.364,0.178
"22",0,0.146,0.333,0.145,0.197,2007,0.455,0.124
"117",0.2,0.143,0.333,0.145,0.203,2009,0.727,0.162
"274",0.633,0.245,0.333,0.145,0.238,2009,0.273,0.222
"332",0.7,0.136,0.333,0.145,0.217,2007,0.636,0.156
"425",0.1,0.162,0.333,0.145,0.209,2008,0.364,0.18
"575",0.917,0.146,0.25,0.145,0.203,2007,1,0.1
"634",0.917,0.136,0.333,0.145,0.183,2007,0.545,0.156
"787",0,0.248,0.417,0.145,0.293,2010,0.455,0.176
"824",0,0.218,0.417,0.145,0.169,2009,0.545,0.169
"980",0.217,0.148,0.25,0.145,0.339,2009,0.455,0.167
"1046",0.083,0.264,0.5,0.145,0.319,2009,0.455,0.123
"1141",0.017,0.116,0.167,0.145,0.592,2008,0.455,0.138
"1275",0.883,0.173,0.5,0.145,0.389,2007,0.909,0.138
"1284",0.35,0.281,0.5,0.145,0,2010,0.273,0.21
"4",0.333,0.261,0.417,0.146,0.453,2006,0.091,0.187
"64",0,0.259,0.583,0.146,0.339,2010,0.273,0.171
"201",0.9,0.148,0.25,0.146,0.31,2010,0.182,0.167
"248",0.067,0.196,0.25,0.146,0.318,2006,0.455,0.211
"346",0,0.234,0.333,0.146,0.22,2006,0.818,0.194
"355",0.833,0.238,0.333,0.146,0.169,2006,0.455,0.193
"503",0.25,0.166,0.333,0.146,0.325,2007,0.273,0.183
"551",0.45,0.138,0.167,0.146,0.31,2008,0.818,0.158
"594",0.883,0.097,0.167,0.146,0.296,2009,0.364,0.119
"627",0.467,0.205,0.333,0.146,0.202,2007,0.636,0.181
"675",0.25,0.151,0.25,0.146,0.271,2008,0.545,0.17
"702",0.317,0.156,0.333,0.146,0.372,2006,0.545,0.175
"704",0.767,0.278,0.5,0.146,0.474,2010,0.364,0.161
"835",0.183,0.153,0.333,0.146,0.322,2008,0.727,0.171
"841",0,0.216,0.417,0.146,0.282,2008,0.182,0.159
"896",0.217,0.275,0.5,0.146,0.341,2008,0.818,0.196
"970",0.133,0.143,0.333,0.146,0.186,2006,0.182,0.118
"1119",0.617,0.239,0.333,0.146,0.212,2008,1,0.158
"1130",0.5,0.113,0.167,0.146,0.474,2007,0.636,0.135
"1209",0.5,0.179,0.333,0.146,0.357,2008,0.818,0.165
"1298",0.933,0.139,0.25,0.146,0.37,2006,0.455,0.113
"1412",0.917,0.251,0.333,0.146,0.191,2009,0.727,0.192
"1428",0,0.231,0.333,0.146,0.203,2008,0.273,0.187
"45",0.15,0.154,0.333,0.147,0.212,2006,0.364,0.172
"149",0.917,0.141,0.333,0.147,0,2008,0.273,0.16
"208",0.167,0.144,0.333,0.147,0.22,2008,0.273,0.163
"278",0.017,0.1,0.167,0.147,0.282,2010,0.455,0.122
"557",0.117,0.143,0.333,0.147,0.211,2006,0.364,0.162
"602",0,0.196,0.333,0.147,0.384,2007,1,0.159
"691",0.9,0.097,0.083,0.147,0.296,2008,0.364,0.119
"844",0.183,0.276,0.667,0.147,0,2007,0.545,0.286
"695",0,0.227,0.25,0.148,0.406,2009,0.273,0.187
"296",0.567,0.126,0.333,0.149,0.415,2006,0.182,0.146
"420",0.3,0.136,0.333,0.149,0.214,2010,0.545,0.156
"742",0.767,0.109,0.25,0.149,0.203,2008,0.364,0.13
"778",0.4,0.106,0.25,0.149,0.31,2006,0.455,0.125
"1234",0.15,0.161,0.333,0.149,0.374,2010,0.364,0.179
"1239",0.917,0.152,0.333,0.149,0.341,2006,0.182,0.171
"1426",0.15,0.173,0.417,0.149,0.372,2008,0.818,0.19
"1459",0.767,0.14,0.25,0.149,0.169,2010,0.273,0.16
"6",0.75,0.194,0.25,0.15,0.339,2009,0.818,0.16
"137",0.283,0.166,0.25,0.15,0.224,2007,0.545,0.183
"571",0.25,0.263,0.667,0.15,0.406,2008,0.909,0.273
"589",0.883,0.215,0.25,0.15,0.319,2009,0.455,0.226
"646",0.35,0.122,0.25,0.15,0.406,2007,0.182,0.143
"681",0.5,0.111,0.25,0.15,0.186,2010,0.364,0.132
"722",0.9,0.097,0.083,0.15,0.296,2010,0.364,0.119
"898",0.483,0.359,0.833,0.15,0.372,2009,0.455,0.167
"944",0.283,0.245,0.5,0.15,0.406,2007,0.455,0.257
"947",0.15,0.153,0.333,0.15,0.561,2006,0.182,0.171
"1150",0.633,0.216,0.417,0.15,0.228,2009,0.545,0.157
"1223",0,0.285,0.417,0.15,0.222,2007,0,0.224
"1287",0.217,0.187,0.333,0.15,0.372,2010,0.455,0.203
"207",0.2,0.257,0.5,0.151,0.246,2007,0.182,0.219
"797",0.45,0.179,0.417,0.151,0.372,2007,0.273,0.141
"912",0.65,0.176,0.25,0.151,0.178,2009,0.818,0.193
"1432",0.433,0.118,0.25,0.151,0.31,2009,0.818,0.139
"13",0.2,0.109,0.167,0.152,0.248,2008,0.727,0.13
"43",0.55,0.104,0.25,0.152,0.355,2007,1,0.122
"635",0.5,0.136,0.167,0.152,0.406,2010,0.455,0.156
"779",0.45,0.318,0.667,0.152,0.444,2007,0.818,0.148
"812",0.9,0.097,0.167,0.152,0.296,2008,0.455,0.119
"839",0.933,0.144,0.333,0.152,0.248,2008,0.455,0.163
"1054",0.867,0.225,0.417,0.152,0.257,2010,0.364,0.211
"1140",0,0.157,0.333,0.152,0.349,2007,0.364,0.153
"1198",0,0.255,0.417,0.152,0.159,2006,0.545,0.19
"1270",0.133,0.224,0.417,0.152,0.222,2007,0.545,0.181
"1365",0.917,0.163,0.167,0.152,0.339,2006,0.273,0.121
"1369",0.9,0.097,0.167,0.152,0.296,2009,0.455,0.119
"1425",0.55,0.19,0.333,0.152,0.341,2007,0.455,0.178
"37",0.75,0.144,0.333,0.153,0.474,2009,0.455,0.163
"74",0.883,0.142,0.333,0.153,0.346,2010,0.364,0.161
"210",0.233,0.143,0.333,0.153,0.355,2008,0.545,0.162
"255",0.117,0.185,0.25,0.153,0.207,2010,0.455,0.201
"328",0.167,0.198,0.417,0.153,0.206,2006,0.273,0.213
"362",0.533,0.221,0.5,0.153,0.169,2008,0.545,0.18
"412",0.083,0.136,0.25,0.153,0.403,2006,0,0.156
"577",0,0.215,0.333,0.153,0.152,2009,0.636,0.176
"887",0.917,0.26,0.5,0.153,0.415,2006,0.455,0.263
"914",0,0.314,0.5,0.153,0.614,2007,0.636,0.234
"956",0,0.306,0.5,0.153,0.347,2007,0.636,0.228
"1048",0.75,0.124,0.25,0.153,0.474,2008,0.091,0.144
"1081",0.9,0.174,0.25,0.153,0.372,2008,0.818,0.191
"1214",0.85,0.118,0.083,0.153,0.257,2006,0.364,0.112
"1226",0.133,0.151,0.333,0.153,0.186,2007,0.455,0.122
"1453",0.917,0.139,0.25,0.153,0.37,2006,0.364,0.113
"579",0.95,0.199,0.25,0.154,0.381,2008,0.091,0.153
"657",0.933,0.135,0.25,0.154,0.22,2008,0.636,0.155
"922",0.883,0.352,0.583,0.154,0,2008,0.727,0.275
"1094",0.8,0.163,0.333,0.154,0.623,2006,0.818,0.152
"1161",0.467,0.211,0.417,0.154,0.31,2010,0.545,0.173
"468",0.75,0.247,0.417,0.155,0.22,2007,0.455,0.178
"792",0.433,0.137,0.25,0.155,0.38,2007,0.364,0.154
"366",0.783,0.19,0.333,0.156,0.33,2009,0.545,0.147
"486",0.95,0.147,0.25,0.156,0.186,2009,0.545,0.166
"505",0.4,0.186,0.333,0.156,0.31,2009,0.455,0.161
"614",0.95,0.148,0.333,0.156,0,2007,1,0.167
"830",0.917,0.167,0.167,0.156,0.339,2006,0.545,0.123
"857",0.467,0.13,0.25,0.156,0.406,2008,0.818,0.143
"1086",0.7,0.125,0.25,0.156,0.398,2010,0.273,0.14
"1228",0.967,0.109,0.25,0.156,0.406,2008,1,0.13
"1309",0.917,0.148,0.333,0.156,0.372,2008,0.364,0.15
"1325",0.95,0.275,0.417,0.156,0.631,2007,0.091,0.285
"1460",0.25,0.174,0.333,0.156,0.195,2008,0.455,0.191
"231",0.15,0.162,0.333,0.157,0.22,2010,0.273,0.18
"270",0.433,0.147,0.333,0.157,0.355,2007,0.364,0.168
"377",0.767,0.109,0.25,0.157,0.406,2006,0.545,0.127
"473",0.917,0.139,0.25,0.157,0.37,2008,0.455,0.113
"612",0.467,0.131,0.333,0.157,0.398,2007,0.545,0.152
"879",0.75,0.155,0.333,0.157,0.406,2010,0.455,0.169
"1200",0.483,0.197,0.333,0.157,0.324,2006,0.818,0.184
"17",0.333,0.126,0.25,0.158,0.339,2010,0.182,0.147
"196",0.433,0.211,0.417,0.158,0.31,2009,0.545,0.173
"204",0.9,0.097,0.083,0.158,0.296,2008,0,0.119
"658",0.833,0.22,0.333,0.158,0.19,2008,0.091,0.17
"676",0.467,0.209,0.417,0.158,0.31,2009,0.273,0.172
"688",0.9,0.145,0.167,0.158,0.339,2007,0.182,0.116
"866",0.333,0.126,0.25,0.158,0.636,2009,0.636,0.146
"1146",0,0.234,0.5,0.158,0.159,2006,0.636,0.2
"32",0.933,0.168,0.333,0.159,0.191,2008,0.455,0.186
"417",0.467,0.201,0.333,0.159,0.31,2006,0.182,0.152
"890",0.05,0.221,0.333,0.159,0.356,2009,0.091,0.234
"1439",0.767,0.17,0.333,0.159,0.651,2010,0.273,0.159
"1442",0.9,0.097,0.083,0.159,0.296,2008,0.364,0.119
"130",0.683,0.135,0.333,0.16,0.529,2006,0.545,0.151
"304",0.367,0.106,0.25,0.16,0.389,2006,0.545,0.127
"406",0.717,0.242,0.5,0.16,0.346,2009,0.455,0.225
"522",0.117,0.171,0.333,0.16,0.237,2007,0.364,0.189
"943",0.45,0.208,0.5,0.16,0,2007,0.636,0.223
"1006",0.45,0.123,0.333,0.16,0.231,2008,0.909,0.143
"1152",0.15,0.213,0.333,0.16,0.372,2006,0.909,0.228
"1358",0.967,0.14,0.333,0.16,0.353,2010,0.273,0.16
"133",0.867,0.187,0.417,0.161,0.44,2007,0.545,0.18
"263",0.75,0.165,0.333,0.161,0.347,2006,0.545,0.121
"600",0.5,0.23,0.333,0.161,0.319,2008,0.545,0.17
"604",0.917,0.163,0.167,0.161,0.339,2010,0.455,0.128
"832",0.917,0.163,0.167,0.161,0.339,2006,0.455,0.121
"941",0.433,0.263,0.5,0.161,0.405,2006,0.545,0.273
"1260",0.317,0.136,0.333,0.161,0.324,2008,0.545,0.155
"1283",0.967,0.133,0.25,0.161,0.341,2009,0.727,0.153
"347",0.8,0.118,0.25,0.162,0.212,2007,0.273,0.139
"1069",0.383,0.412,0.667,0.162,0.406,2006,0.455,0.274
"165",0.9,0.242,0.25,0.163,0.152,2007,0.818,0.213
"297",0,0.231,0.333,0.163,0.199,2007,0.455,0.187
"607",0.767,0.133,0.333,0.163,0.406,2009,0.909,0.153
"644",0.317,0.242,0.417,0.163,0.326,2007,0.273,0.181
"859",0.433,0.195,0.333,0.163,0.338,2009,0.455,0.186
"863",0.583,0.144,0.333,0.163,0.339,2010,0.364,0.158
"38",0.667,0.181,0.25,0.164,0.351,2009,0.818,0.198
"189",0.483,0.168,0.333,0.164,0.372,2009,0.455,0.173
"628",0.367,0.223,0.417,0.164,0.257,2010,0.182,0.205
"902",0.833,0.183,0.25,0.164,0.533,2009,0.364,0.172
"25",0.85,0.137,0.333,0.165,0.19,2010,0.364,0.156
"82",0.8,0.189,0.25,0.165,0.286,2006,0.182,0.196
"124",0.717,0.163,0.25,0.165,0.374,2008,0.182,0.181
"290",0.883,0.2,0.417,0.165,0.271,2007,0.545,0.154
"349",0.9,0.243,0.333,0.165,0.334,2008,0.818,0.18
"837",0.383,0.231,0.25,0.165,0.573,2007,0.455,0.244
"845",0,0.204,0.417,0.165,0.508,2008,0.455,0.171
"1065",0.267,0.154,0.333,0.165,0.339,2009,0.909,0.173
"1072",0.3,0.23,0.5,0.165,0.311,2009,0.364,0.171
"1205",0.417,0.139,0.333,0.165,0.349,2006,0.545,0.157
"1300",0.733,0.172,0.333,0.165,0.215,2010,0.364,0.189
"893",0.883,0.138,0.333,0.166,0.186,2006,0.091,0.157
"911",0.167,0.365,0.833,0.166,0.339,2010,0,0.267
"118",0.95,0.149,0.25,0.167,0.303,2007,0.273,0.168
"129",0.267,0.191,0.333,0.167,0.319,2006,0.545,0.147
"340",0.8,0.166,0.333,0.167,0.209,2009,0.455,0.184
"462",0.95,0.151,0.333,0.167,0.406,2009,0.273,0.119
"483",0.917,0.281,0.417,0.167,0.116,2009,0.455,0.21
"494",0.167,0.176,0.333,0.167,0.217,2008,0.455,0.193
"648",0.05,0.143,0.25,0.167,0.349,2008,0.455,0.162
"649",0.267,0.284,0.417,0.167,0.312,2010,0.455,0.198
"819",0.35,0.135,0.333,0.167,0.31,2010,0.455,0.151
"960",0.817,0.204,0.333,0.167,0.341,2010,0.364,0.156
"963",0.433,0.229,0.417,0.167,0.31,2007,0.545,0.177
"1041",0.833,0.277,0.5,0.167,0.341,2006,0,0.228
"1179",0,0.19,0.417,0.167,0.131,2009,0.545,0.152
"1297",0.217,0.15,0.333,0.167,0.37,2008,1,0.168
"1342",0.9,0.147,0.333,0.167,0.406,2008,0.545,0.166
"214",0.75,0.124,0.25,0.168,0.406,2006,0.545,0.144
"361",0.467,0.109,0.25,0.168,0.331,2007,0.455,0.128
"487",0.25,0.139,0.333,0.168,0.363,2007,0.455,0.159
"755",0.917,0.13,0.25,0.168,0.31,2009,0.545,0.15
"1079",0.9,0.097,0.083,0.168,0.296,2006,0.364,0.119
"1345",0.933,0.211,0.5,0.168,0.31,2007,0.545,0.162
"1321",0.117,0.216,0.333,0.169,0.312,2009,0.455,0.23
"1364",0.95,0.203,0.333,0.169,0.305,2007,0.182,0.148
"15",0.167,0.173,0.25,0.17,0.248,2008,0.364,0.19
"301",0.05,0.189,0.25,0.17,0.264,2006,0.455,0.19
"348",0.167,0.216,0.333,0.17,0.351,2009,1,0.23
"718",0.833,0.159,0.25,0.17,0.31,2008,0.909,0.177
"842",0.867,0.227,0.5,0.17,0.484,2008,0.455,0.162
"881",0.933,0.142,0.25,0.17,0.317,2007,0.455,0.162
"1100",0.467,0.239,0.417,0.17,0.337,2009,0.273,0.222
"1383",0,0.269,0.5,0.17,0.406,2006,0.818,0.177
"61",0.9,0.155,0.25,0.171,0.406,2006,0.364,0.174
"254",0.683,0.182,0.417,0.171,0.218,2007,0.818,0.199
"517",0.367,0.336,0.417,0.171,0.411,2009,0.636,0.217
"539",0.3,0.155,0.417,0.171,0.237,2006,0.545,0.164
"814",0.133,0.209,0.417,0.171,0.212,2007,0.273,0.223
"854",0.233,0.209,0.417,0.171,0.455,2009,0.636,0.196
"1195",0.317,0.192,0.417,0.171,0.211,2010,0.182,0.147
"1447",0.2,0.161,0.333,0.171,0.22,2010,0.273,0.179
"19",0.9,0.147,0.333,0.172,0.406,2008,0.455,0.166
"287",0.517,0.264,0.417,0.172,0.31,2006,0.455,0.202
"300",0.9,0.154,0.333,0.172,0.212,2009,0.636,0.167
"367",0.217,0.2,0.333,0.172,0.362,2009,0.545,0.215
"523",0,0.251,0.417,0.172,0.296,2006,0.818,0.204
"758",0.467,0.198,0.333,0.172,0.31,2010,0.273,0.151
"682",0.833,0.223,0.333,0.173,0.198,2009,0.545,0.173
"717",0.8,0.418,0.5,0.173,0.496,2007,0.545,0.257
"1074",0.45,0.206,0.333,0.173,0.31,2009,0.545,0.156
"1104",0.15,0.162,0.333,0.173,0.38,2006,0.545,0.133
"41",0.25,0.187,0.333,0.174,0.31,2006,1,0.182
"489",0.333,0.392,0.667,0.174,0.367,2006,0.364,0.266
"626",0.2,0.147,0.25,0.174,0.31,2010,0.091,0.166
"768",0.583,0.267,0.417,0.174,0.298,2008,0.545,0.21
"791",0.933,0.153,0.25,0.174,0.28,2009,0.727,0.171
"809",0.267,0.142,0.333,0.174,0.341,2006,0.455,0.156
"967",0,0.183,0.417,0.174,0.181,2009,0.455,0.149
"983",0.95,0.176,0.333,0.174,0.274,2008,0.182,0.193
"1019",0.7,0.214,0.417,0.174,0.283,2007,0.364,0.133
"1031",0.75,0.3,0.667,0.174,0,2006,0.545,0.2
"1084",0.233,0.173,0.333,0.174,0.325,2006,0.182,0.19
"1092",0.833,0.173,0.167,0.174,0.326,2008,0.182,0.133
"1299",0.967,1,0.833,0.174,1,2008,0,1
"1397",0,0.255,0.417,0.174,0.403,2010,0.455,0.184
"1435",0.45,0.149,0.25,0.174,0.341,2006,0.364,0.168
"459",0.767,0.251,0.417,0.175,0.161,2008,0.455,0.168
"509",0.917,0.197,0.417,0.175,0.254,2008,0.818,0.152
"215",0.45,0.199,0.333,0.176,0.211,2010,0.182,0.153
"786",0.283,0.19,0.417,0.176,0.322,2009,0.727,0.208
"1263",0.65,0.274,0.5,0.176,0.214,2009,0.909,0.224
"161",0.567,0.169,0.333,0.177,0.364,2008,0.455,0.187
"370",0.933,0.18,0.417,0.177,0.406,2010,0.182,0.177
"752",0.883,0.186,0.333,0.177,0.282,2007,0.636,0.144
"776",0.8,0.164,0.25,0.177,0.291,2009,0.455,0.182
"1277",0.367,0.2,0.333,0.177,0.35,2009,1,0.156
"174",0.183,0.194,0.333,0.178,0.355,2008,0.455,0.209
"443",0.7,0.233,0.5,0.178,0.254,2008,0.455,0.203
"736",0.333,0.27,0.333,0.178,0.226,2006,0.818,0.203
"1172",0.133,0.175,0.333,0.178,0.305,2008,0.909,0.192
"1294",0.433,0.251,0.5,0.178,0.372,2006,0.182,0.189
"1394",0.833,0.297,0.417,0.178,0.474,2008,0.273,0.18
"93",0.933,0.119,0.25,0.179,0.305,2009,0.636,0.132
"120",0.933,0.211,0.5,0.179,0.275,2006,0.545,0.162
"484",0.8,0.166,0.25,0.179,0.283,2006,0.364,0.184
"853",0,0.247,0.417,0.179,0.169,2007,0.636,0.195
"1007",0.333,0.249,0.417,0.179,0.341,2007,0.182,0.261
"1125",0.7,0.216,0.417,0.179,0.276,2007,0.545,0.134
"1212",0.917,0.267,0.5,0.179,0.347,2010,0.455,0.173
"88",0.983,0.168,0.167,0.18,0.372,2009,0.455,0.132
"286",0.95,0.173,0.25,0.18,0.372,2007,0.455,0.135
"578",0.267,0.186,0.333,0.18,0.398,2006,0.364,0.188
"34",0.15,0.257,0.333,0.181,0.315,2010,0.273,0.242
"368",0.2,0.207,0.333,0.181,0.209,2008,1,0.192
"402",0.917,0.184,0.333,0.181,0.282,2006,0.545,0.2
"511",0.833,0.194,0.333,0.181,0.203,2009,0.455,0.178
"625",0.367,0.274,0.5,0.181,0.341,2006,0.909,0.192
"673",0.45,0.165,0.333,0.181,0.385,2006,0.455,0.182
"716",0.4,0.191,0.417,0.181,0.337,2009,0.636,0.182
"784",0.467,0.146,0.167,0.181,0.425,2009,0.545,0.164
"894",0.067,0.198,0.333,0.181,0.25,2008,0.455,0.213
"976",0.833,0.197,0.333,0.181,0.346,2006,0.273,0.151
"1013",0.767,0.22,0.417,0.181,0.127,2007,0.636,0.155
"1053",0.467,0.31,0.583,0.181,0.381,2007,0.455,0.215
"1194",0.817,0.168,0.25,0.181,0.283,2009,0.455,0.185
"1255",0.9,0.249,0.417,0.181,0.28,2008,0.545,0.181
"1372",0.767,0.25,0.5,0.181,0.266,2008,0.818,0.203
"143",0.033,0.198,0.333,0.182,0.508,2010,0.455,0.172
"311",0.733,0.22,0.333,0.182,0.296,2006,0.364,0.163
"831",0.117,0.199,0.333,0.182,0.323,2008,0.455,0.215
"295",0.05,0.247,0.417,0.183,0.295,2009,0.818,0.239
"467",0.333,0.178,0.25,0.183,0.371,2007,0.273,0.194
"660",0.817,0.217,0.417,0.183,0.339,2009,0.182,0.231
"834",0.233,0.223,0.333,0.183,0.333,2009,0.091,0.236
"220",0.933,0.172,0.25,0.184,0.309,2006,0.182,0.189
"975",0.717,0.317,0.5,0.184,0.375,2009,0.818,0.211
"1027",0.167,0.175,0.333,0.184,0.325,2010,0.273,0.193
"1380",0.95,0.2,0.417,0.184,0.282,2008,0.364,0.126
"405",0.767,0.233,0.417,0.185,0.263,2007,0.364,0.179
"669",0.617,0.208,0.333,0.185,0.406,2006,0.909,0.201
"992",0.6,0.265,0.5,0.185,0.299,2009,0.909,0.204
"1068",0.233,0.241,0.417,0.185,0.312,2008,0.455,0.18
"1191",0.417,0.243,0.417,0.185,0.956,2007,0.182,0.222
"1336",0.45,0.188,0.333,0.185,0.444,2009,0.273,0.206
"85",0.767,0.215,0.417,0.186,0.282,2009,0.364,0.133
"624",0.833,0.222,0.167,0.186,0.31,2007,0.455,0.169
"630",0.233,0.191,0.333,0.186,0.367,2008,0.455,0.198
"869",0,0.374,0.417,0.186,0.474,2006,0.364,0.169
"1135",0.783,0.239,0.417,0.186,0.324,2007,0.636,0.191
"1285",0.667,0.398,0.667,0.186,0.237,2010,0.182,0.255
"105",0,0.28,0.417,0.187,0.169,2007,0.455,0.221
"398",0.2,0.278,0.5,0.187,0.186,2007,0.545,0.205
"1248",0.433,0.132,0.333,0.187,0.626,2010,0.364,0.15
"42",0.15,0.187,0.25,0.188,0.217,2007,0.545,0.205
"562",0.417,0.199,0.333,0.188,0.295,2006,0.273,0.214
"574",0.833,0.206,0.5,0.188,0.282,2007,1,0.13
"855",0.4,0.272,0.333,0.188,0.32,2006,0.545,0.281
"923",0.933,0.185,0.333,0.188,0.28,2006,0.818,0.201
"1077",0.65,0.213,0.417,0.188,0.399,2006,0.273,0.169
"1098",0.6,0.142,0.25,0.188,0.325,2007,0.818,0.16
"1243",0.4,0.158,0.333,0.188,0.372,2010,0,0.166
"1356",0.7,0.299,0.5,0.188,0.343,2006,0.727,0.189
"138",0.65,0.306,0.583,0.189,0.54,2006,0.545,0.309
"796",0.517,0.232,0.417,0.189,0.336,2010,0.273,0.165
"846",0.517,0.258,0.333,0.189,0.431,2007,0,0.241
"1171",0.45,0.148,0.333,0.189,0.252,2008,0.545,0.165
"1352",0.2,0.26,0.5,0.189,0.346,2008,0.182,0.196
"202",0.45,0.178,0.333,0.19,0.334,2008,0.091,0.188
"954",0.317,0.308,0.417,0.19,0.374,2008,0.727,0.212
"1173",0.95,0.173,0.25,0.19,0.441,2008,0.182,0.135
"1252",0.883,0.202,0.333,0.19,0.337,2006,0.182,0.217
"57",0.833,0.265,0.417,0.191,0.339,2009,0.636,0.208
"178",0.133,0.299,0.5,0.191,0.318,2006,0.545,0.231
"371",0.833,0.251,0.417,0.191,0.324,2006,0,0.2
"444",0.95,0.174,0.333,0.191,0.457,2007,0.455,0.191
"493",0.933,0.211,0.5,0.191,0.303,2006,0.364,0.162
"756",0.817,0.214,0.333,0.191,0.31,2009,0.182,0.163
"892",0.467,0.254,0.417,0.191,0.31,2009,0.545,0.199
"187",0.683,0.166,0.333,0.192,0.35,2009,0.455,0.181
"253",0.9,0.246,0.333,0.192,0.367,2008,1,0.184
"357",0.7,0.157,0.333,0.192,0.282,2009,0.545,0.174
"671",0.917,0.215,0.417,0.192,0.381,2009,0.091,0.165
"683",0.783,0.18,0.333,0.192,0.304,2008,0.909,0.197
"972",0.9,0.243,0.333,0.192,0.334,2009,0.545,0.18
"1042",0.833,0.245,0.417,0.192,0.341,2008,0.545,0.184
"1168",0.833,0.252,0.417,0.192,0.333,2006,0.091,0.201
"87",0.917,0.231,0.333,0.193,0.282,2009,0.182,0.167
"136",0.333,0.254,0.417,0.193,0.374,2008,0.364,0.232
"858",0.75,0.216,0.333,0.193,0.242,2009,0.182,0.162
"910",0.917,0.217,0.5,0.193,0.275,2009,0.455,0.166
"915",0.983,0.168,0.167,0.193,0.372,2009,0.455,0.132
"994",0.933,0.22,0.333,0.193,0.398,2006,0.636,0.168
"1127",0.95,0.23,0.417,0.193,0.465,2009,0.455,0.227
"1192",0.833,0.209,0.25,0.193,0.347,2007,0.909,0.165
"1436",0.917,0.227,0.417,0.193,0.326,2008,0.545,0.221
"843",0.267,0.157,0.333,0.194,0.346,2008,0.364,0.171
"1148",0,0.232,0.417,0.194,0.165,2009,0.545,0.169
"266",0.517,0.205,0.417,0.195,0.406,2008,0.455,0.22
"299",0.3,0.265,0.417,0.195,0.38,2007,0.455,0.185
"430",0.633,0.203,0.333,0.195,0.406,2009,0.182,0.216
"456",0.383,0.171,0.333,0.195,0.372,2007,0.727,0.188
"488",0.35,0.217,0.417,0.195,0.343,2007,0.091,0.231
"531",0.65,0.221,0.25,0.195,0.423,2008,0.636,0.231
"559",0.783,0.209,0.333,0.195,0.286,2008,0.636,0.161
"744",0.817,0.213,0.333,0.195,0.339,2009,0.818,0.145
"800",0,0.27,0.417,0.195,0.169,2007,0.455,0.19
"926",0.45,0.149,0.333,0.195,0.381,2008,0.182,0.168
"1237",0.883,0.243,0.333,0.195,0.334,2010,0.455,0.18
"1456",0.833,0.247,0.417,0.195,0.324,2007,0.636,0.198
"116",0.817,0.212,0.25,0.196,0.31,2007,0.455,0.162
"261",0.2,0.197,0.333,0.196,0.623,2009,0.364,0.211
"526",0.917,0.176,0.333,0.196,0.319,2006,0.273,0.192
"696",0.617,0.151,0.25,0.196,0.389,2006,0.545,0.168
"781",0.767,0.173,0.333,0.196,0.283,2007,0.455,0.189
"782",0.7,0.239,0.417,0.196,0.341,2006,0.545,0.178
"928",0.3,0.31,0.583,0.196,0.343,2008,0.273,0.217
"1021",0.917,0.15,0.25,0.196,0.318,2008,0.455,0.169
"1196",0.917,0.211,0.5,0.196,0.282,2008,0.545,0.162
"1416",0.95,0.233,0.417,0.196,0.465,2009,0.364,0.23
"51",0.783,0.214,0.333,0.197,0.274,2007,0.545,0.169
"181",0.833,0.224,0.25,0.197,0.31,2007,0.455,0.171
"408",0.433,0.254,0.5,0.197,0.217,2008,0.182,0.191
"920",0.867,0.203,0.333,0.197,0.424,2008,0.364,0.198
"1051",0.95,0.182,0.333,0.197,0.307,2007,0.636,0.199
"1096",0.933,0.185,0.333,0.197,0.31,2007,0.182,0.201
"1274",0.933,0.193,0.25,0.197,0.22,2008,0.364,0.179
"1330",0.8,0.245,0.5,0.197,0.326,2006,0.455,0.196
"1344",0,0.297,0.583,0.197,0.241,2009,0.182,0.217
"356",0.75,0.163,0.333,0.198,0.367,2007,0.636,0.181
"1302",0,0.219,0.417,0.198,0.15,2009,0.909,0.169
"1359",0.833,0.233,0.25,0.198,0.31,2010,0.455,0.175
"102",0.583,0.263,0.417,0.199,0.336,2010,0.455,0.187
"315",0.667,0.246,0.333,0.199,0.385,2006,0.636,0.178
"535",0.9,0.203,0.333,0.199,0.284,2006,0.818,0.157
"883",0.717,0.237,0.417,0.199,0.274,2009,1,0.181
"981",0.95,0.125,0.333,0.199,0.415,2008,0.545,0.141
"1067",0.733,0.233,0.417,0.199,0.268,2009,0.364,0.178
"1199",0.85,0.165,0.333,0.199,0.404,2009,0.455,0.183
"1246",0.883,0.289,0.417,0.199,0.336,2007,0,0.186
"285",0.7,0.234,0.25,0.2,0.373,2007,0.545,0.247
"380",0.833,0.276,0.417,0.2,0.327,2009,0.455,0.214
"466",0.9,0.203,0.333,0.2,0.281,2006,0.364,0.215
"739",0.633,0.163,0.25,0.2,0,2009,0.182,0.181
"743",0.85,0.191,0.333,0.2,0.38,2007,1,0.207
"966",0.95,0.217,0.5,0.2,0.277,2007,0.545,0.169
"1310",0.683,0.181,0.333,0.2,0.35,2008,0.455,0.196
"33",0.95,0.17,0.417,0.201,0.341,2008,0,0.187
"67",0.65,0.353,0.417,0.201,0.406,2010,0.545,0.335
"112",0.833,0.206,0.417,0.201,0.282,2010,0.273,0.13
"121",0.317,0.123,0.167,0.201,0.381,2006,0.818,0.139
"135",0.717,0.261,0.417,0.201,0.31,2006,0.545,0.249
"223",0.417,0.229,0.333,0.201,0.306,2006,0.091,0.169
"249",0.883,0.251,0.5,0.201,0.353,2007,0.727,0.19
"268",0.783,0.35,0.5,0.201,0.169,2008,0.545,0.189
"545",0.933,0.219,0.417,0.201,0.3,2006,0.727,0.159
"709",0.95,0.211,0.5,0.201,0.282,2007,0.545,0.162
"745",0.717,0.189,0.25,0.201,0.326,2008,0.818,0.205
"759",0.817,0.22,0.333,0.201,0.31,2008,0.636,0.167
"903",0.883,0.221,0.5,0.201,0.277,2006,0.545,0.171
"1056",0.433,0.224,0.417,0.201,0.337,2008,0.364,0.209
"1107",0.683,0.209,0.333,0.201,0.507,2007,0.364,0.177
"1147",0.583,0.182,0.25,0.201,0.284,2006,0.364,0.198
"1157",0.817,0.175,0.333,0.201,0.354,2008,0.818,0.188
"1282",0.667,0.189,0.333,0.201,0.341,2006,0.545,0.203
"1421",0.3,0.204,0.417,0.201,0.547,2006,0.364,0.157
"1445",0.9,0.205,0.417,0.201,0.441,2007,0.909,0.22
"56",0.233,0.206,0.417,0.202,0.406,2008,0.545,0.22
"206",0.667,0.209,0.25,0.202,0.353,2009,0.364,0.222
"1264",0,0.281,0.5,0.202,0.367,2007,0.545,0.197
"1291",0.233,0.154,0.333,0.202,0.341,2010,0.273,0.173
"125",0.8,0.236,0.417,0.203,0.307,2009,0,0.229
"416",0.95,0.19,0.333,0.203,0.279,2007,0.636,0.205
"434",0.8,0.239,0.417,0.203,0.331,2008,0.545,0.192
"811",0.817,0.184,0.25,0.203,0.341,2006,0,0.176
"1005",0.933,0.22,0.417,0.203,0.322,2009,0.364,0.22
"1109",0.833,0.255,0.417,0.203,0.327,2007,0.909,0.2
"1261",0.817,0.253,0.417,0.203,0.354,2009,0.455,0.191
"1265",0.817,0.189,0.25,0.203,0.36,2008,0.636,0.211
"2",0.433,0.175,0.333,0.204,0.324,2007,0.364,0.192
"581",0.617,0.206,0.417,0.204,0.403,2007,0.455,0.196
"974",0.967,0.206,0.333,0.204,0.339,2008,1,0.221
"169",0.9,0.261,0.417,0.206,0.31,2007,0.364,0.195
"617",0.883,0.221,0.417,0.206,0.277,2006,0.455,0.171
"821",0.883,0.246,0.333,0.206,0.42,2008,0.455,0.184
"1430",0.517,0.208,0.417,0.206,0.329,2007,0.273,0.223
"175",0.6,0.248,0.417,0.207,0.434,2008,0.909,0.256
"192",0.9,0.216,0.417,0.207,0.341,2007,0.455,0.164
"498",0,0.28,0.5,0.207,0.169,2008,0.455,0.22
"1117",0.867,0.204,0.417,0.207,0.372,2009,0.182,0.131
"1225",0.917,0.218,0.5,0.207,0.274,2008,0.091,0.17
"1266",0.817,0.211,0.333,0.207,0.357,2006,0.182,0.158
"73",0.8,0.261,0.417,0.208,0.301,2009,1,0.194
"96",0.717,0.214,0.333,0.208,0.296,2009,0.273,0.159
"267",0.783,0.222,0.5,0.208,0.291,2006,0.455,0.173
"282",0.933,0.175,0.25,0.208,0.403,2006,0.364,0.192
"524",0.967,0.818,0.75,0.208,0.623,2007,0.818,0.655
"564",0,0.252,0.5,0.208,0.279,2008,0.545,0.219
"829",0.283,0.338,0.417,0.208,0.379,2009,0.455,0.246
"937",0.883,0.163,0.25,0.208,0.391,2009,0.636,0.179
"959",0.883,0.189,0.333,0.208,0.374,2007,0.818,0.205
"998",0.333,0.209,0.333,0.208,0.434,2009,0.091,0.223
"1160",0.4,0.291,0.5,0.208,0.381,2008,0.545,0.214
"1455",0.917,0.167,0.333,0.208,0.282,2009,0.818,0.185
"237",0.9,0.203,0.333,0.209,0.348,2010,0.364,0.218
"1272",0.3,0.218,0.417,0.209,0.326,2009,0.636,0.232
"212",0.983,0.165,0.333,0.21,0.324,2010,0.182,0.183
"591",0.9,0.235,0.333,0.21,0.367,2008,0.727,0.177
"1057",0.917,0.194,0.333,0.21,0.341,2006,0.455,0.21
"470",0.717,0.259,0.417,0.211,0.357,2008,0.455,0.193
"783",0.867,0.206,0.333,0.211,0.427,2009,0.455,0.22
"850",0.733,0.287,0.417,0.211,0.361,2007,0.636,0.179
"993",0.717,0.286,0.417,0.211,0.31,2007,0.545,0.205
"1185",0.217,0.233,0.25,0.211,0.702,2007,0.364,0.246
"1247",0.933,0.23,0.333,0.211,0.434,2006,0.182,0.173
"1434",0.833,0.275,0.5,0.211,0.318,2008,0.364,0.21
"320",0.5,0.214,0.333,0.212,0.415,2009,0.455,0.22
"382",0.933,0.182,0.25,0.212,0.403,2006,0.636,0.198
"732",0.883,0.153,0.333,0.212,0.309,2007,0.364,0.147
"790",0.95,0.33,0.583,0.212,0.313,2007,0.545,0.226
"882",0.683,0.261,0.417,0.212,0.282,2007,0.273,0.222
"1018",0.567,0.193,0.167,0.212,0.398,2009,0.636,0.197
"1085",0.767,0.219,0.333,0.212,0.288,2006,0.545,0.162
"316",0.917,0.207,0.333,0.213,0.305,2009,0.545,0.159
"455",0.433,0.263,0.5,0.213,0.395,2006,0.545,0.273
"537",0.817,0.262,0.5,0.213,0.372,2008,0.545,0.199
"1111",0.767,0.249,0.5,0.213,0.304,2008,0.455,0.184
"464",0.75,0.25,0.333,0.214,0.169,2008,0.636,0.179
"713",0.65,0.168,0.25,0.214,0.333,2008,0.818,0.186
"803",0.917,0.211,0.417,0.214,0.289,2008,0.818,0.162
"828",0.85,0.207,0.333,0.214,0.372,2009,0.273,0.224
"1190",0.817,0.277,0.417,0.214,0.312,2010,0.455,0.216
"1211",0.7,0.285,0.5,0.214,0.326,2010,0.364,0.225
"1361",0.8,0.427,0.5,0.214,0.438,2008,0.364,0.252
"110",0.45,0.284,0.417,0.215,0.385,2010,0,0.294
"153",0.35,0.313,0.5,0.215,0.349,2006,0.455,0.218
"167",0.717,0.289,0.417,0.215,0.214,2009,0.909,0.276
"352",0.6,0.211,0.333,0.215,0.314,2006,1,0.225
"365",0.433,0.234,0.333,0.215,0.399,2006,0.545,0.178
"447",0.867,0.293,0.333,0.215,0.408,2010,0.455,0.269
"472",0.45,0.308,0.5,0.215,0.377,2007,0.909,0.214
"740",0.9,0.263,0.417,0.215,0.403,2009,0.273,0.198
"861",0.8,0.206,0.417,0.215,0.152,2007,0.455,0.176
"934",0.9,0.22,0.333,0.215,0.402,2009,0.636,0.233
"1231",0.45,0.431,0.833,0.215,0.423,2007,0.636,0.319
"1259",0.917,0.157,0.25,0.215,0.282,2008,0.545,0.148
"1288",0.233,0.235,0.417,0.215,0.275,2006,0.455,0.252
"1323",0.7,0.299,0.5,0.215,0.398,2010,0.455,0.205
"389",0.833,0.216,0.333,0.217,0.407,2008,0.545,0.229
"653",0.767,0.26,0.417,0.217,0.361,2009,0.545,0.198
"1024",0.933,0.22,0.417,0.217,0.308,2008,0.364,0.22
"1441",0.733,0.418,0.75,0.217,0.474,2008,0.727,0.212
"193",0.817,0.207,0.333,0.218,0.47,2009,0.727,0.221
"280",0.45,0.318,0.5,0.218,0.356,2008,0.182,0.249
"335",0.8,0.246,0.417,0.218,0.333,2008,0.545,0.197
"386",0.917,0.176,0.333,0.218,0.303,2010,0.273,0.192
"1083",0.867,0.212,0.333,0.218,0.372,2007,0.727,0.226
"1431",0.917,0.283,0.417,0.218,0.262,2006,0.545,0.196
"230",0.933,0.23,0.417,0.219,0.303,2009,0.364,0.227
"949",0.867,0.272,0.417,0.219,0.334,2006,0.091,0.208
"81",0.3,0.341,0.5,0.22,0.359,2009,0.455,0.237
"668",0.8,0.253,0.417,0.22,0.406,2008,0.818,0.241
"924",0.733,0.242,0.25,0.22,0.376,2008,0.545,0.253
"1367",0.817,0.274,0.417,0.22,0.415,2008,0.455,0.204
"1402",0.9,0.237,0.5,0.22,0.281,2008,0.273,0.184
"598",0.95,0.201,0.417,0.221,0.457,2007,0.091,0.204
"1022",0.933,0.167,0.333,0.221,0.446,2006,0.545,0.183
"1075",0.933,0.171,0.25,0.221,0.583,2007,0.364,0.188
"1165",0.467,0.207,0.25,0.221,0.415,2007,0.455,0.215
"1403",0.933,0.181,0.333,0.221,0.467,2006,0.545,0.197
"238",0.883,0.266,0.417,0.222,0.322,2010,0.091,0.211
"690",0.933,0.194,0.333,0.222,0.324,2007,0.455,0.209
"728",0.95,0.169,0.333,0.222,0.446,2009,0.091,0.187
"795",0.767,0.294,0.417,0.222,0.288,2008,0.818,0.199
"989",0.433,0.32,0.5,0.222,0.389,2007,0.455,0.223
"1189",0.867,0.25,0.417,0.222,0.348,2009,0.545,0.189
"1238",0.917,0.304,0.5,0.222,0.306,2006,0.727,0.216
"429",0.95,0.165,0.333,0.223,0.443,2007,0.727,0.182
"58",0.9,0.261,0.417,0.224,0.398,2006,0.636,0.197
"700",0.9,0.199,0.25,0.224,0.374,2008,0.545,0.214
"767",0.633,0.26,0.417,0.224,0.35,2010,0.182,0.207
"1043",0.917,0.183,0.25,0.224,0.44,2009,0.636,0.2
"1139",0.45,0.232,0.25,0.224,0.504,2009,0.364,0.245
"990",0.933,0.234,0.333,0.225,0.433,2006,0.636,0.176
"1032",0.333,0.518,0.833,0.225,0.474,2009,0.636,0.278
"1090",0.917,0.172,0.167,0.225,0.388,2006,0.273,0.189
"1440",0.483,0.262,0.333,0.225,0.388,2007,0.909,0.169
"661",0.433,0.302,0.417,0.226,0.388,2007,0.909,0.21
"950",0.933,0.197,0.25,0.226,0.477,2010,0.182,0.193
"1142",0.433,0.289,0.583,0.226,0.341,2009,0.818,0.203
"1202",0.8,0.272,0.333,0.226,0.385,2009,0.182,0.202
"1278",0.433,0.262,0.417,0.226,0.339,2009,0.455,0.269
"363",0.883,0.299,0.417,0.227,0.474,2009,0.545,0.139
"104",0.983,0.168,0.333,0.228,0.522,2010,0.364,0.185
"8",0.383,0.331,0.417,0.229,0.341,2009,0.909,0.251
"182",0,0.277,0.583,0.229,0.152,2006,0.545,0.198
"184",0.883,0.329,0.333,0.229,0.341,2008,0.455,0.272
"222",0.867,0.364,0.5,0.229,0.275,2009,1,0.258
"448",0.817,0.292,0.667,0.229,0.304,2006,0.545,0.217
"636",0.75,0.577,1,0.229,0,2007,0.182,0.349
"801",0.783,0.255,0.5,0.229,0.425,2008,0.364,0.173
"978",0.95,0.171,0.167,0.229,0.401,2007,0.909,0.188
"1052",0.95,0.185,0.333,0.229,0.31,2007,0.818,0.201
"1208",0.883,0.257,0.417,0.229,0.384,2006,0.364,0.267
"1339",0.867,0.288,0.5,0.229,0.347,2006,0.455,0.214
"1351",0.317,0.433,0.833,0.229,0.683,2009,0.636,0.311
"530",0.417,0.411,0.583,0.23,0.341,2007,0.182,0.369
"872",0.8,0.254,0.417,0.23,0.369,2010,0.455,0.188
"1174",0.733,0.518,0.833,0.23,0,2007,0.182,0.339
"277",0.883,0.231,0.417,0.231,0.404,2010,0.273,0.244
"921",0.733,0.261,0.417,0.231,0.332,2007,0.545,0.203
"931",0.95,0.213,0.417,0.231,0.43,2009,0.545,0.228
"1155",0.633,0.28,0.5,0.232,0.347,2008,0.364,0.206
"63",0.933,0.195,0.333,0.233,0.341,2007,0.818,0.211
"339",0.8,0.242,0.5,0.233,0.31,2006,0.364,0.219
"341",0.867,0.297,0.583,0.233,0.304,2010,0.273,0.223
"512",0.933,0.195,0.333,0.233,0.334,2006,0.182,0.21
"1017",0.767,0.22,0.333,0.233,0.337,2009,0.455,0.234
"1307",0.933,0.195,0.333,0.233,0.334,2006,0.727,0.21
"1312",0.95,0.177,0.333,0.233,0.358,2007,0,0.194
"144",0.817,0.22,0.333,0.235,0.407,2009,0.455,0.233
"453",0.783,0.268,0.417,0.235,0.298,2007,0.545,0.201
"95",0.783,0.274,0.417,0.236,0.482,2007,0.364,0.199
"101",0.85,0.24,0.333,0.236,0.339,2010,0.091,0.253
"221",0.933,0.219,0.25,0.236,0.476,2006,0.273,0.233
"245",0.867,0.335,0.5,0.236,0.327,2010,0.364,0.239
"276",0.95,0.229,0.25,0.236,0.474,2009,0.818,0.19
"303",0.867,0.227,0.333,0.236,0.594,2006,0,0.241
"606",0.667,0.311,0.417,0.236,0.343,2009,0.818,0.212
"1112",0.433,0.307,0.5,0.236,0.341,2008,0.727,0.213
"421",0.8,0.19,0.5,0.238,0.553,2008,0.909,0.206
"651",0.95,0.251,0.417,0.238,0.396,2008,0.364,0.188
"1000",0.933,0.165,0.333,0.238,0.446,2010,0.091,0.181
"334",0.9,0.193,0.333,0.239,0.341,2008,0.545,0.209
"1316",0.317,0.335,0.583,0.239,0.406,2008,0.455,0.239
"1415",0.833,0.285,0.5,0.239,0.261,2008,0.455,0.206
"29",0.783,0.239,0.333,0.24,0.225,2006,1,0.241
"257",0.883,0.263,0.417,0.24,0.475,2008,0.364,0.198
"283",0.967,0.185,0.333,0.24,0.441,2009,0.273,0.201
"686",0.567,0.331,0.333,0.24,0.407,2007,0.727,0.258
"925",0.5,0.255,0.417,0.24,0.432,2006,0.364,0.266
"1",0.883,0.259,0.5,0.241,0.386,2008,0.091,0.195
"508",0.983,0.167,0.167,0.241,0.477,2009,0.727,0.184
"477",0.8,0.218,0.417,0.242,0.358,2008,0.273,0.231
"632",0.933,0.23,0.333,0.242,0.442,2007,0.636,0.243
"1318",0.95,0.192,0.25,0.242,0.329,2007,0.273,0.208
"217",0.9,0.208,0.5,0.243,0.341,2008,0.273,0.222
"445",0.75,0.297,0.5,0.243,0.348,2008,0.545,0.218
"454",0.967,0.237,0.333,0.243,0.477,2009,0.455,0.177
"547",0,0.245,0.333,0.243,0.31,2007,0.364,0.207
"1457",0.633,0.328,0.417,0.243,0.353,2010,0.091,0.287
"177",0.65,0.325,0.5,0.245,0.367,2007,0.727,0.252
"519",0.8,0.275,0.417,0.245,0.385,2007,0.364,0.198
"436",0.767,0.25,0.333,0.246,0.388,2009,0.273,0.186
"471",0.583,0.22,0.167,0.246,0.372,2010,0.455,0.233
"757",0.95,0.27,0.417,0.246,0.408,2009,0.273,0.201
"705",0.917,0.217,0.417,0.247,0.427,2010,0.364,0.23
"847",0.717,0.271,0.417,0.247,0.3,2009,0.545,0.191
"1122",0.933,0.229,0.417,0.247,0.551,2006,0.545,0.243
"1204",0.85,0.244,0.333,0.247,0.318,2009,0.818,0.256
"383",0.933,0.276,0.5,0.248,0.451,2007,0.273,0.21
"543",0.817,0.254,0.417,0.248,0.411,2009,0.455,0.262
"1020",0.917,0.221,0.333,0.248,0.31,2006,0.273,0.222
"1061",0.85,0.189,0.333,0.248,0.41,2010,0.273,0.205
"97",0.817,0.236,0.333,0.249,0.333,2006,0.636,0.249
"329",0.733,0.339,0.667,0.249,0.311,2009,0.545,0.232
"338",0.883,0.226,0.417,0.249,0.375,2008,1,0.24
"568",0.9,0.226,0.417,0.249,0.375,2010,0.182,0.238
"942",0.817,0.325,0.5,0.249,0.275,2009,0.455,0.238
"1227",0.95,0.301,0.583,0.249,0.471,2008,0,0.218
"172",0.167,0.249,0.417,0.25,0.372,2010,0.364,0.21
"392",0.867,0.307,0.417,0.25,0.395,2009,0.455,0.213
"422",0.833,0.239,0.5,0.25,0.373,2009,0.455,0.251
"507",0.733,0.297,0.5,0.25,0.332,2006,0.727,0.206
"763",0.983,0.229,0.417,0.25,0.433,2010,0.455,0.172
"852",0.883,0.211,0.417,0.25,0.282,2006,0.364,0.21
"965",0.883,0.294,0.5,0.25,0.36,2010,0.091,0.208
"1129",0.917,0.306,0.5,0.25,0.306,2007,0.545,0.217
"1349",0.8,0.219,0.25,0.25,0.362,2007,0.636,0.231
"1410",0.683,0.331,0.417,0.25,0.382,2008,0.909,0.223
"1366",0.833,0.252,0.417,0.251,0.468,2010,0,0.189
"235",0.867,0.306,0.5,0.252,0.31,2010,0.364,0.218
"114",0.05,0.363,0.417,0.253,0.317,2007,0.818,0.327
"753",0.783,0.219,0.333,0.253,0.406,2006,0.545,0.231
"769",0.917,0.283,0.5,0.253,0.341,2006,0.818,0.294
"599",0.45,0.247,0.417,0.254,0.438,2006,0.182,0.24
"1156",0.9,0.208,0.333,0.254,0.372,2007,0.545,0.222
"65",0.8,0.32,0.5,0.256,0.455,2009,0.091,0.241
"375",0.9,0.3,0.5,0.256,0.306,2007,0.545,0.214
"1076",0.567,0.265,0.333,0.256,0.169,2007,0.545,0.193
"1197",0.933,0.288,0.583,0.256,0.465,2006,0.909,0.211
"134",0.867,0.181,0.333,0.257,0.332,2009,0.455,0.195
"163",0.917,0.227,0.417,0.257,0.375,2010,0.364,0.241
"258",0.933,0.239,0.5,0.257,0.465,2009,0.182,0.252
"603",0.7,0.298,0.5,0.257,0.357,2006,0.091,0.218
"1060",0,0.312,0.417,0.257,0.305,2007,0.182,0.22
"605",0.867,0.219,0.333,0.258,0.374,2008,0.727,0.232
"685",0.8,0.284,0.417,0.258,0.343,2010,0.455,0.236
"777",0.933,0.241,0.417,0.259,0.61,2006,0.545,0.253
"413",0.983,0.216,0.417,0.26,0.341,2010,0.455,0.229
"727",0.95,0.254,0.25,0.26,0.381,2009,1,0.195
"930",0.783,0.358,0.5,0.26,0.453,2006,0.909,0.251
"148",0.85,0.32,0.5,0.261,0.306,2010,0.364,0.226
"733",0.817,0.32,0.5,0.261,0.382,2008,0.545,0.25
"1420",0.317,0.284,0.417,0.261,0.381,2006,1,0.294
"3",0.867,0.274,0.333,0.262,0.429,2008,0.727,0.208
"808",0.9,0.234,0.333,0.262,0.372,2009,0.364,0.225
"573",0.983,0.256,0.333,0.263,0.458,2009,0.545,0.193
"820",1,0.193,0.333,0.263,0.341,2010,0.455,0.209
"1162",0.933,0.246,0.417,0.263,0.652,2008,0.909,0.228
"70",0.05,0.368,0.417,0.264,0.47,2006,0.545,0.285
"307",0.683,0.36,0.5,0.264,0.526,2007,0.455,0.228
"608",0.867,0.315,0.5,0.264,0.162,2006,0.636,0.225
"794",0.95,0.219,0.417,0.264,0.334,2007,0.455,0.233
"816",0.8,0.25,0.333,0.264,0.422,2010,0.364,0.261
"823",0.883,0.264,0.417,0.264,0.305,2007,0.818,0.197
"1241",0.883,0.27,0.5,0.264,0.383,2008,0.545,0.203
"1301",0.817,0.311,0.583,0.264,0.346,2009,0.364,0.23
"68",0.883,0.216,0.417,0.265,0.394,2007,0.455,0.228
"131",0.267,0.343,0.5,0.265,0.343,2006,0.364,0.241
"642",0.85,0.3,0.417,0.265,0.458,2007,0.364,0.232
"502",0.917,0.27,0.417,0.266,0.425,2008,0.091,0.201
"1016",0.85,0.251,0.333,0.267,0.372,2009,0.909,0.188
"1281",0.867,0.233,0.333,0.267,0.384,2009,0.182,0.246
"1331",0.933,0.236,0.417,0.267,0.582,2007,1,0.249
"170",0.517,0.259,0.333,0.268,0.36,2006,0,0.268
"415",0.717,0.332,0.583,0.268,0.478,2008,1,0.249
"687",0.95,0.269,0.417,0.268,0.408,2007,0.636,0.202
"806",0.967,0.206,0.333,0.268,0.391,2008,0.545,0.22
"281",0.65,0.31,0.417,0.269,0.406,2007,0,0.215
"336",0.25,0.274,0.417,0.269,0.373,2008,0.636,0.258
"1343",0.867,0.346,0.417,0.269,0.456,2007,0.636,0.273
"546",0.633,0.348,0.583,0.27,0.554,2006,0.091,0.267
"1218",0.983,0.185,0.333,0.27,0.389,2009,0.727,0.2
"23",0.867,0.275,0.417,0.271,0.377,2008,0.727,0.284
"139",0.833,0.286,0.417,0.271,0.465,2008,1,0.221
"256",0.817,0.369,0.5,0.271,0.303,2006,0.091,0.257
"1034",0.867,0.249,0.333,0.271,0.635,2006,0.091,0.26
"1153",0.9,0.278,0.333,0.271,0.331,2006,0.545,0.223
"1158",0.967,0.185,0.333,0.271,0.441,2009,0.545,0.201
"1245",0,0.223,0.417,0.271,0.282,2006,0.455,0.173
"1411",0.85,0.284,0.333,0.271,0.439,2009,0.455,0.215
"666",0.833,0.302,0.417,0.272,0.355,2006,0.909,0.263
"140",0.783,0.269,0.417,0.273,0.331,2009,0.636,0.207
"259",0.85,0.275,0.417,0.273,0.398,2008,0.364,0.212
"1003",0.933,0.234,0.417,0.274,0.581,2008,0.545,0.246
"1304",0.917,0.242,0.417,0.274,0.588,2006,0.273,0.254
"1370",0.883,0.251,0.5,0.274,0.354,2010,0.364,0.262
"291",0.933,0.299,0.5,0.275,0.483,2006,0.545,0.233
"788",0.9,0.33,0.5,0.275,0.436,2010,0,0.237
"825",0.933,0.218,0.417,0.275,0.547,2006,0.455,0.232
"1166",0.983,0.22,0.417,0.275,0.454,2009,0.727,0.234
"520",0.9,0.329,0.583,0.276,0.199,2009,0.455,0.265
"560",0.9,0.23,0.417,0.276,0.296,2006,0.818,0.227
"154",0.417,0.173,0.167,0.278,0.398,2008,0.182,0.221
"198",0.667,0.523,0.5,0.278,0.561,2006,0.182,0.328
"252",0.95,0.243,0.25,0.278,0.379,2007,1,0.251
"294",0.733,0.363,0.583,0.278,0.38,2006,0.182,0.239
"1159",0.967,0.235,0.417,0.278,0.585,2008,0.455,0.248
"1169",0.6,0.334,0.417,0.278,0.381,2008,0.545,0.254
"1355",0.833,0.288,0.417,0.278,0.592,2008,0.455,0.221
"1391",0.833,0.224,0.333,0.278,0.382,2006,0.727,0.238
"747",0.833,0.362,0.5,0.279,0.391,2009,0.273,0.252
"870",0.733,0.304,0.5,0.279,0.405,2010,0.455,0.233
"731",0.767,0.242,0.25,0.28,0.429,2010,0.182,0.252
"929",0.85,0.274,0.417,0.28,0.368,2009,0.455,0.281
"833",0.883,0.282,0.417,0.281,0.432,2010,0,0.213
"1279",0.867,0.32,0.417,0.281,0.407,2008,0.182,0.247
"1382",0.333,0.336,0.417,0.281,0.388,2008,0.364,0.262
"919",0.683,0.338,0.5,0.282,0.587,2007,0.909,0.254
"173",0.617,0.27,0.25,0.283,0.355,2006,0.455,0.219
"298",0.8,0.304,0.417,0.283,0.406,2007,0.455,0.227
"418",0,0.431,0.667,0.283,0.609,2007,0.909,0.321
"964",0.95,0.276,0.417,0.283,0.495,2009,0.364,0.286
"1175",0,0.379,0.583,0.283,0.254,2006,0.545,0.26
"1376",0.95,0.233,0.417,0.283,0.509,2007,1,0.246
"47",0.883,0.342,0.333,0.284,0.472,2009,0.636,0.285
"1134",0.75,0.318,0.5,0.284,0.329,2009,0.455,0.246
"385",0.7,0.305,0.583,0.285,0.353,2007,0.455,0.28
"622",0.783,0.43,0.583,0.285,0.44,2008,0.455,0.333
"738",0.917,0.276,0.5,0.285,0.564,2006,0.455,0.207
"849",0.783,0.381,0.667,0.285,0.254,2008,0.727,0.257
"904",0.933,0.252,0.417,0.285,0.487,2006,0.636,0.263
"939",0.933,0.307,0.417,0.285,0.612,2006,0.636,0.264
"1009",0.917,0.259,0.417,0.285,0.388,2009,0.273,0.27
"1448",0.767,0.331,0.5,0.285,0.392,2007,1,0.261
"400",0.95,0.229,0.417,0.286,0.309,2009,0.818,0.202
"246",0.633,0.29,0.333,0.287,0.426,2006,0.455,0.296
"272",0.917,0.194,0.25,0.287,0.31,2008,0.273,0.211
"325",0.95,0.498,0.75,0.288,0.398,2010,0.455,0.294
"935",0.95,0.327,0.583,0.288,0.356,2008,0.909,0.203
"176",0.85,0.344,0.417,0.289,0.406,2007,0.455,0.265
"71",0.383,0.356,0.5,0.29,0.364,2007,0.091,0.36
"132",0.833,0.324,0.417,0.29,0.275,2009,0.545,0.238
"1251",0.3,0.335,0.5,0.29,0.368,2010,0.273,0.34
"284",0.983,0.214,0.333,0.291,0.633,2009,1,0.228
"940",0,0.39,0.667,0.291,0.246,2010,0.455,0.272
"83",0.95,0.232,0.333,0.292,0.535,2008,0.818,0.245
"401",0.767,0.18,0.167,0.292,0.353,2008,1,0.194
"1167",0.967,0.256,0.417,0.292,0.547,2010,0.091,0.267
"1395",0.933,0.22,0.333,0.294,0.457,2006,0.818,0.221
"542",0.833,0.368,0.5,0.296,0.457,2007,0.455,0.256
"1058",0.733,0.286,0.417,0.296,0.329,2009,0,0.218
"1242",0.95,0.255,0.417,0.296,0.673,2007,0.455,0.267
"867",0.95,0.247,0.333,0.297,0.614,2007,0.909,0.258
"48",0.933,0.249,0.417,0.298,0.583,2007,0.545,0.261
"5",0.833,0.351,0.583,0.299,0.59,2008,1,0.264
"106",0.9,0.312,0.583,0.299,0.457,2008,0.636,0.237
"469",0.933,0.245,0.417,0.299,0.611,2007,0.364,0.256
"860",0.567,0.437,0.583,0.299,0.437,2006,0.636,0.295
"908",0.617,0.325,0.333,0.299,0.127,2006,0.455,0.24
"1181",0.683,0.411,0.5,0.299,0.489,2006,0.273,0.297
"1375",0.917,0.306,0.583,0.299,0.66,2008,0.545,0.232
"1387",0.467,0.462,0.833,0.299,0.398,2006,0.545,0.336
"475",0.833,0.248,0.333,0.3,0.352,2007,0.636,0.246
"865",0.967,0.196,0.333,0.3,0.373,2008,0.364,0.211
"1088",0.933,0.305,0.583,0.301,0.736,2009,0.364,0.237
"213",0.983,0.286,0.417,0.302,0.454,2009,0.545,0.212
"582",0.983,0.322,0.5,0.303,0.98,2009,0.636,0.328
"938",0.917,0.308,0.5,0.303,0.486,2009,0.091,0.241
"708",0.933,0.187,0.333,0.304,0.388,2009,1,0.203
"159",0.917,0.304,0.5,0.306,0.478,2010,0.364,0.228
"553",0.933,0.261,0.417,0.306,0.64,2009,0.545,0.271
"907",0.933,0.245,0.5,0.306,0.61,2007,0.455,0.256
"1055",0.867,0.312,0.417,0.306,0.413,2006,0.909,0.238
"26",0.95,0.239,0.417,0.307,0.628,2009,0.545,0.248
"458",0.733,0.25,0.333,0.307,0.373,2008,0.182,0.236
"984",0.867,0.369,0.583,0.307,0.549,2008,0.364,0.27
"1329",0,0.463,0.5,0.307,0.367,2008,0.455,0.348
"1414",0.933,0.284,0.417,0.308,0.437,2009,0.727,0.294
"674",0.9,0.284,0.417,0.309,0.293,2007,0.455,0.261
"404",0.8,0.363,0.667,0.31,0.296,2006,0.545,0.269
"1128",0.9,0.225,0.417,0.311,0.444,2007,0.909,0.239
"115",0.867,0.374,0.583,0.312,0.127,2007,0.545,0.264
"86",0.7,0.392,0.583,0.313,0.326,2006,0.273,0.295
"142",0.917,0.264,0.417,0.313,0.465,2006,0,0.274
"317",0.5,0.38,0.667,0.313,0.341,2009,0.636,0.251
"319",0.717,0.436,0.583,0.313,0.463,2009,0.273,0.32
"749",0.767,0.261,0.417,0.313,0.372,2010,0.182,0.272
"1271",0.483,0.224,0.167,0.313,0.413,2010,0.273,0.221
"1362",0.917,0.225,0.417,0.313,0.303,2009,0.455,0.239
"613",0.85,0.29,0.417,0.315,0.374,2009,0.909,0.248
"1188",0.75,0.243,0.25,0.315,0.534,2006,0.545,0.255
"241",0.967,0.232,0.417,0.316,0.529,2010,0.273,0.245
"1044",0.667,0.376,0.667,0.316,0.362,2008,0.364,0.304
"1347",0.883,0.343,0.583,0.316,0.358,2006,0.455,0.297
"461",0.983,0.302,0.5,0.317,0.389,2009,1,0.213
"550",0.9,0.332,0.5,0.317,0.434,2009,0.909,0.234
"766",0.967,0.221,0.333,0.318,0.417,2008,0.636,0.234
"640",0.933,0.232,0.417,0.319,0.457,2006,0.818,0.241
"518",0.783,0.379,0.417,0.32,0.627,2009,0.545,0.287
"271",0.933,0.302,0.5,0.321,0.743,2006,0.636,0.236
"344",0.917,0.254,0.333,0.321,0.398,2008,0.545,0.266
"748",0.883,0.434,0.5,0.321,0.609,2009,0.364,0.311
"1240",0.933,0.217,0.333,0.321,0.333,2007,1,0.23
"302",0.817,0.399,0.583,0.322,0.482,2007,0.364,0.276
"1458",0.933,0.378,0.583,0.322,0.178,2010,0.364,0.277
"565",0.833,0.369,0.583,0.324,0.416,2006,0.545,0.268
"889",0.333,0.355,0.5,0.324,0.438,2007,0.818,0.359
"158",1,0.308,0.5,0.326,0.48,2010,0.364,0.211
"318",0.933,0.306,0.5,0.326,0.723,2007,1,0.238
"765",0.767,0.219,0.333,0.326,0.339,2006,0.273,0.232
"793",0.783,0.316,0.5,0.326,0.321,2007,0.455,0.245
"948",0.883,0.244,0.583,0.326,0.57,2007,0.909,0.255
"818",0.867,0.255,0.417,0.328,0.604,2008,0.545,0.256
"1427",0.733,0.338,0.25,0.328,0.37,2008,0.636,0.264
"540",0.867,0.239,0.333,0.329,0.472,2010,0.364,0.249
"962",0.75,0.478,0.75,0.329,0.437,2008,0.545,0.339
"1206",0.683,0.351,0.417,0.329,0.494,2009,0.455,0.352
"641",0.9,0.223,0.333,0.332,0.415,2008,0.273,0.237
"1373",0.8,0.332,0.5,0.332,0.411,2006,0.455,0.251
"200",0.917,0.26,0.417,0.333,0.604,2009,0,0.271
"427",0.65,0.247,0.25,0.333,0.401,2009,0.636,0.248
"601",0.917,0.296,0.5,0.333,0.519,2006,0.455,0.23
"721",0.583,0.265,0.25,0.333,0.398,2006,1,0.276
"1108",0.933,0.318,0.583,0.333,0.298,2006,0.727,0.224
"1319",0.867,0.274,0.417,0.333,0.528,2006,0.636,0.281
"1406",0.917,0.247,0.25,0.333,0.34,2008,0,0.255
"1424",0.267,0.352,0.5,0.333,0.305,2006,0.636,0.225
"754",0.917,0.332,0.5,0.334,0.619,2006,0.182,0.245
"262",0.95,0.422,0.667,0.335,0.612,2007,0.909,0.326
"209",0.65,0.326,0.417,0.336,0.32,2007,0.273,0.253
"250",0.933,0.341,0.417,0.336,0.274,2007,0.455,0.285
"35",0.917,0.231,0.333,0.337,0.392,2007,0.636,0.244
"1045",0.517,0.413,0.583,0.338,0.382,2009,0.545,0.413
"1289",0.833,0.25,0.25,0.338,0.352,2009,0.818,0.248
"14",0.95,0.219,0.417,0.34,0.592,2007,0.636,0.232
"360",0.8,0.3,0.417,0.34,0.417,2006,0.455,0.234
"409",0.933,0.346,0.583,0.34,0.668,2007,0.636,0.254
"452",0.417,0.226,0.25,0.34,0.406,2006,1,0.239
"1110",0.917,0.283,0.417,0.34,0.608,2009,0.182,0.292
"1290",0.933,0.308,0.5,0.342,0.531,2006,0.818,0.238
"1396",0.933,0.405,0.583,0.342,0.453,2007,0.091,0.284
"1404",0.95,0.213,0.333,0.344,0.532,2007,0.636,0.229
"1348",0.95,0.272,0.417,0.345,0.502,2007,0.364,0.278
"333",0.9,0.244,0.417,0.346,0.621,2009,0.818,0.394
"555",0.9,0.323,0.5,0.346,0.614,2008,0.636,0.237
"684",0.867,0.251,0.417,0.347,0.495,2007,0.545,0.259
"927",0.9,0.384,0.667,0.347,0.463,2007,0.364,0.282
"1176",0.833,0.478,0.583,0.347,0.382,2007,0.273,0.37
"190",0.867,0.237,0.25,0.349,0.481,2008,0.636,0.25
"1025",0.433,0.483,0.667,0.35,0.469,2008,0.364,0.362
"1038",0.867,0.363,0.417,0.35,0.638,2008,0.727,0.261
"1452",0.983,0.234,0.417,0.35,0.592,2009,0.364,0.247
"504",0.783,0.276,0.333,0.353,0.341,2010,0.182,0.26
"227",0.75,0.412,0.583,0.354,0.508,2007,0.455,0.297
"273",0.95,0.365,0.583,0.354,0.473,2010,0.273,0.27
"760",0.75,0.414,0.583,0.354,0.53,2007,0.909,0.308
"1210",0.933,0.25,0.5,0.354,0.353,2006,0.364,0.262
"1303",0.733,0.413,0.5,0.354,0.595,2006,1,0.294
"1028",0.967,0.247,0.417,0.359,0.564,2008,0.273,0.258
"1254",0.883,0.345,0.583,0.36,0.365,2007,0.545,0.265
"305",0.867,0.595,0.667,0.361,0.614,2008,0.364,0.405
"1317",0.967,0.244,0.5,0.362,0.606,2009,0,0.256
"479",0.967,0.261,0.417,0.364,0.583,2009,0.727,0.271
"746",0.767,0.449,0.75,0.368,0.586,2008,0.545,0.309
"323",0.617,0.451,0.5,0.37,0.406,2007,0.636,0.341
"1257",0.733,0.311,0.417,0.37,0.487,2008,0.636,0.319
"707",0.867,0.281,0.25,0.371,0.521,2007,0.455,0.274
"1313",0.667,0.466,0.583,0.371,0.529,2007,0.455,0.344
"876",0.95,0.429,0.75,0.373,0.388,2007,0.636,0.303
"620",0.883,0.363,0.667,0.375,0.528,2008,0.636,0.299
"28",0.967,0.258,0.417,0.376,0.544,2010,0.364,0.269
"306",0.917,0.314,0.5,0.376,0.626,2007,0.545,0.321
"7",0.917,0.256,0.417,0.378,0.449,2007,0.636,0.267
"36",0.917,0.399,0.583,0.381,0.487,2006,0.727,0.283
"1033",0.717,0.412,0.667,0.382,0.561,2006,0.909,0.309
"1443",0.967,0.315,0.667,0.382,0.573,2009,0.273,0.236
"219",0.933,0.305,0.5,0.384,0.304,2008,0.364,0.212
"197",0.95,0.262,0.5,0.385,0.554,2007,0.727,0.273
"611",0.833,0.343,0.5,0.386,0.519,2009,0.364,0.285
"701",0.867,0.276,0.417,0.386,0.539,2006,0.364,0.286
"191",0.733,0.451,0.667,0.389,0.31,2007,1,0.284
"424",0.8,0.433,0.5,0.389,0.491,2008,0.455,0.33
"541",0.933,0.283,0.5,0.389,0.539,2009,0.182,0.293
"619",0.95,0.281,0.583,0.389,0.546,2007,0.545,0.29
"1360",0.917,0.31,0.5,0.389,0.543,2006,0.727,0.318
"525",0.783,0.389,0.5,0.39,0.588,2007,0.636,0.302
"1037",0.967,0.242,0.333,0.39,0.643,2009,0.727,0.255
"569",0.983,0.339,0.25,0.391,0.432,2009,0.727,0.288
"66",0.917,0.403,0.583,0.392,0.601,2007,0.818,0.287
"239",0.95,0.256,0.417,0.393,0.577,2007,1,0.267
"351",0.95,0.289,0.333,0.393,0.435,2007,1,0.298
"1116",0.95,0.264,0.417,0.393,0.654,2007,0.909,0.274
"596",0.933,0.281,0.417,0.395,0.535,2006,0.636,0.29
"46",0.917,0.267,0.333,0.396,0.406,2010,0.091,0.278
"119",0.667,0.544,0.75,0.396,0.419,2010,0.364,0.399
"160",0.933,0.401,0.583,0.396,0.406,2006,0.182,0.308
"725",0.967,0.257,0.5,0.396,0.542,2009,0.091,0.268
"933",0.933,0.296,0.5,0.396,0.556,2007,0.182,0.304
"327",0.717,0.261,0.333,0.401,0.334,2008,0.364,0.272
"21",0.933,0.385,0.583,0.403,0.602,2006,0.909,0.28
"567",0.95,0.409,0.75,0.403,0.463,2008,0.455,0.288
"584",0.833,0.46,0.583,0.403,0.621,2008,0.545,0.322
"1106",0.75,0.431,0.583,0.403,0.502,2010,0.273,0.329
"1306",0.95,0.248,0.333,0.403,0.592,2009,0.909,0.26
"168",0.95,0.344,0.5,0.404,0.556,2007,0.909,0.299
"481",0.917,0.286,0.5,0.404,0.544,2006,0.182,0.293
"1066",0.783,0.363,0.417,0.407,0.376,2010,0.273,0.283
"886",0.833,0.259,0.25,0.408,0.357,2008,0,0.269
"1314",0.817,0.427,0.667,0.414,0.549,2010,0.364,0.32
"693",0.667,0.412,0.583,0.417,0.443,2006,0.273,0.297
"1059",0.967,0.349,0.667,0.417,0.59,2009,0.545,0.259
"1311",0.867,0.295,0.417,0.417,0.4,2010,0.364,0.304
"982",0.817,0.429,0.5,0.418,0.477,2009,0.545,0.307
"764",0.817,0.383,0.5,0.42,0.604,2009,0.545,0.288
"995",0.95,0.261,0.417,0.42,0.554,2009,0.545,0.27
"410",0.967,0.329,0.5,0.423,0.59,2008,0.273,0.243
"378",0.917,0.402,0.5,0.424,0.43,2007,1,0.325
"1418",0.8,0.399,0.417,0.424,0.754,2009,0.364,0.298
"719",0.733,0.393,0.583,0.425,0.693,2008,0.636,0.297
"321",0.933,0.426,0.583,0.427,0.592,2006,0.727,0.307
"12",0.933,0.375,0.75,0.431,0.519,2006,0.545,0.277
"643",0.75,0.446,0.583,0.431,0.379,2009,0.545,0.379
"991",0.8,0.388,0.417,0.435,0.614,2006,0.455,0.303
"655",0.75,0.335,0.417,0.438,0.592,2008,0.636,0.341
"878",0.917,0.356,0.667,0.438,0.52,2009,0.455,0.294
"322",0.9,0.402,0.667,0.443,0.615,2007,0.455,0.286
"609",0.8,0.539,0.667,0.45,0.268,2007,0.727,0.335
"310",0.9,0.303,0.5,0.451,0.499,2006,0.909,0.307
"703",0.933,0.422,0.667,0.454,0.47,2006,0.545,0.304
"1229",0.967,0.258,0.417,0.462,0.742,2008,0.818,0.269
"586",0.933,0.319,0.417,0.465,0.621,2006,0.182,0.312
"645",0.983,0.27,0.417,0.467,0.337,2009,0.818,0.28
"152",0.967,0.259,0.333,0.469,0.611,2008,0,0.27
"679",0.967,0.323,0.417,0.469,0.588,2009,0.545,0.329
"482",0.9,0.275,0.333,0.471,0.616,2006,0.636,0.285
"314",0.25,0.321,0.5,0.472,0.362,2009,0.455,0.336
"337",0.933,0.299,0.5,0.476,0.477,2007,0.545,0.307
"1389",0.95,0.266,0.417,0.476,0.535,2009,0.818,0.277
"1268",0.983,0.317,0.667,0.477,0.526,2010,0.364,0.323
"478",0.933,0.435,0.583,0.479,0.489,2007,0.182,0.391
"1269",0.783,0.586,0.75,0.481,0.715,2008,0.364,0.336
"113",0.95,0.445,0.667,0.485,0.559,2007,0.818,0.318
"54",0.617,0.284,0.25,0.486,0.63,2006,0.909,0.293
"826",0.967,0.33,0.417,0.486,0.86,2008,0.455,0.335
"225",0.883,0.388,0.5,0.488,0.683,2009,0.455,0.39
"689",0.95,0.204,0.417,0.496,0.4,2007,0.818,0.219
"1182",0.967,0.248,0.25,0.497,0.34,2008,0.909,0.256
"379",1,0.287,0.5,0.499,0.588,2010,0.455,0.296
"775",0.933,0.309,0.583,0.5,0.631,2007,0.545,0.313
"988",1,0.303,0.5,0.5,0.427,2010,0.273,0.31
"1438",0.967,0.301,0.417,0.5,0.546,2008,0.909,0.309
"662",0.917,0.398,0.5,0.51,0.501,2009,0.545,0.328
"232",0.767,0.463,0.583,0.511,0.571,2009,0.545,0.343
"516",0.983,0.318,0.583,0.511,0.635,2009,0.727,0.323
"1354",0.767,0.547,0.583,0.521,0.47,2010,0.182,0.432
"162",0.9,0.44,0.667,0.524,0.512,2008,0.182,0.342
"279",0.95,0.337,0.5,0.528,0.516,2007,0.364,0.342
"665",0.933,0.332,0.5,0.539,0.8,2006,0,0.336
"1143",0.95,0.47,0.75,0.542,0.742,2007,0.273,0.347
"390",0.967,0.376,0.583,0.543,0.597,2008,0.636,0.322
"497",0.717,0.545,0.667,0.549,0.385,2007,0.364,0.534
"350",0.933,0.451,0.667,0.559,0.498,2006,0.273,0.372
"59",0.933,0.492,0.667,0.561,0.452,2006,0.818,0.352
"474",0.95,0.309,0.417,0.563,0.64,2007,0.545,0.317
"528",0.967,0.448,0.75,0.571,0.605,2008,0.909,0.336
"592",0.967,0.37,0.667,0.579,0.594,2009,0.455,0.323
"1244",0.933,0.328,0.417,0.597,0.599,2006,0.727,0.334
"1374",0.867,0.433,0.5,0.599,0.567,2007,0.182,0.432
"186",0.717,0.617,0.833,0.611,0.592,2006,0.455,0.334
"799",0.983,0.529,0.75,0.625,0.578,2009,0.545,0.414
"179",0.983,0.358,0.583,0.648,0.822,2009,0.545,0.36
"770",0.883,0.555,0.833,0.699,0.593,2010,0.455,0.402
"441",0.967,0.39,0.667,0.722,0.474,2009,0.273,0.452
"1047",0.933,0.477,0.75,0.724,0.505,2006,0.545,0.396
"804",0.983,0.469,0.833,0.761,0.719,2009,0,0.37
"899",1,0.382,0.75,0.801,0.578,2010,0.182,0.382
"1170",0.767,0.62,0.667,0.819,0.569,2006,0.545,0.457
"1183",0.767,0.78,0.667,0.986,0.573,2007,0.545,0.573
"692",0.75,0.75,0.667,1,0.587,2007,0,0.563
